name,oracle_text,scryfall_link,image_src,chinese_simplified,chinese_traditional,french,german,italian,japanese,korean,portuguese,russian,spanish
Acolyte's Reward,"Acolyte's Reward	{1}{W}
Instant
Prevent the next X damage that would be dealt to target creature this turn, where X is your devotion to white. If damage is prevented this way, Acolyte's Reward deals that much damage to any target. (Each {W} in the mana costs of permanents you control counts toward your devotion to white.)

",https://scryfall.com/card/bng/1/acolytes-reward,https://cards.scryfall.io/large/front/c/d/cd8980af-c3fa-4027-917a-4a3d441c0a75.jpg?1593091337,侍僧的报偿,侍僧的報償,Récompense de l'acolyte,Belohnung des Tempeldieners,Ricompensa dell'Accolito,侍祭の報賞,견습 사제의 보상,Recompensa do Acólito,Награда Служителя,Recompensa del acólito
Akroan Phalanx,"Akroan Phalanx	{3}{W}
Creature — Human Soldier
Vigilance
{2}{R}: Creatures you control get +1/+0 until end of turn.
3/3
",https://scryfall.com/card/bng/2/akroan-phalanx,https://cards.scryfall.io/large/front/f/e/fe23019a-e432-4a27-8acb-b17728a1e8b0.jpg?1593091348,阿喀洛斯方阵兵团,阿喀洛斯方陣兵團,Phalange akroenne,Akroische Phalanx,Falange di Akros,アクロスの密集軍,아크로스 팔랑크스,Falange Acrosana,Акросская Фаланга,Falange akroniense
Akroan Skyguard,"Akroan Skyguard	{1}{W}
Creature — Human Soldier
Flying
Heroic — Whenever you cast a spell that targets this creature, put a +1/+1 counter on this creature.
1/1
",https://scryfall.com/card/bng/3/akroan-skyguard,https://cards.scryfall.io/large/front/d/5/d55e85c3-234e-49c4-a307-96fb4497eea8.jpg?1593091357,阿喀洛斯空护卫,阿喀洛斯空護衛,Gardeciel akroen,Akroischer Himmelswächter,Guardia Celeste di Akros,アクロスの空護衛,아크로스 창공수호자,Guardião Alado Acrosano,Акросский Небесный Страж,Guardia celeste akroniense
Archetype of Courage,"Archetype of Courage	{1}{W}{W}
Enchantment Creature — Human Soldier
Creatures you control have first strike.
Creatures your opponents control lose first strike and can't have or gain first strike.
2/2
",https://scryfall.com/card/bng/4/archetype-of-courage,https://cards.scryfall.io/large/front/8/e/8e6c4afb-6a94-4519-91c6-9824fed2892c.jpg?1593091364,勇气典范,勇氣典範,Archétype du courage,Sinnbild des Mutes,Archetipo del Coraggio,勇気の元型,용기의 표상,Arquétipo da Coragem,Образец Отваги,Prototipo de valor
"Brimaz, King of Oreskos","Brimaz, King of Oreskos	{1}{W}{W}
Legendary Creature — Cat Soldier
Vigilance
Whenever Brimaz attacks, create a 1/1 white Cat Soldier creature token with vigilance that's attacking.
Whenever Brimaz blocks a creature, create a 1/1 white Cat Soldier creature token with vigilance that's blocking that creature.
3/4
",https://scryfall.com/card/bng/5/brimaz-king-of-oreskos,https://cards.scryfall.io/large/front/f/5/f54eb705-6326-4bac-bf0e-68d42db7a270.jpg?1593091372,俄瑞恣狮王布黎玛,俄瑞恣獅王布黎瑪,"Brimaz, roi d'Oreskos","Brimaz, König von Oreskos","Brimaz, Re di Oreskos",オレスコスの王、ブリマーズ,오레스코스의 왕 브리마즈,"Brimaz, Rei de Oreskos","Бримаз, Король Ореска","Brimaz, rey de Oreskos"
Dawn to Dusk,"Dawn to Dusk	{2}{W}{W}
Sorcery
Choose one or both —
• Return target enchantment card from your graveyard to your hand.
• Destroy target enchantment.

",https://scryfall.com/card/bng/6/dawn-to-dusk,https://cards.scryfall.io/large/front/6/0/605ad738-1f3e-47c2-b6cb-f79d2f6c16f1.jpg?1562704939,晨昏交替,晨昏交替,De l'aube au crépuscule,Morgenrot zu Abendrot,Dall'Alba al Tramonto,日の出から日没,새벽에서 황혼까지,Da Alvorada ao Anoitecer,Из Рассвета в Закат,Desde el alba hasta el anochecer
Eidolon of Countless Battles,"Eidolon of Countless Battles	{1}{W}{W}
Enchantment Creature — Spirit
Bestow {2}{W}{W} (If you cast this card for its bestow cost, it's an Aura spell with enchant creature. It becomes a creature again if it's not attached.)
This creature and enchanted creature each get +1/+1 for each creature you control and +1/+1 for each Aura you control.
0/0
",https://scryfall.com/card/bng/7/eidolon-of-countless-battles,https://cards.scryfall.io/large/front/4/a/4ad6fcb1-7c35-4111-8f1e-d18a2fae5638.jpg?1775940622,百战幻灵,百戰幻靈,Eidôlon des batailles innombrables,Eidolon der zahllosen Schlachten,Apparizione di Infinite Battaglie,万戦の幻霊,수많은 전투의 에이돌론,Eidolon das Batalhas Incontáveis,Эйдолон Бесчисленных Битв,Eidolón de innumerables batallas
Elite Skirmisher,"Elite Skirmisher	{2}{W}
Creature — Human Soldier
Heroic — Whenever you cast a spell that targets this creature, you may tap target creature.
3/1
",https://scryfall.com/card/bng/8/elite-skirmisher,https://cards.scryfall.io/large/front/9/8/982eed00-e9fe-4d0f-a2b7-9606aa7926a1.jpg?1593091397,精英侦卫,精英偵衛,Assaillant d'élite,Elite-Plänkler,Esploratore Scelto,散兵の精鋭,정예 척후병,Escaramuçador de Elite,Ветеран-Застрельщик,Escaramuzador de élite
Ephara's Radiance,"Ephara's Radiance	{W}
Enchantment — Aura
Enchant creature
Enchanted creature has ""{1}{W}, {T}: You gain 3 life.""

",https://scryfall.com/card/bng/9/epharas-radiance,https://cards.scryfall.io/large/front/e/0/e0741582-0c7b-4d5b-83a9-dd8862de1f24.jpg?1593091407,厄芳拉的辉芒,厄芳拉的輝芒,Irradiance selon Éphara,Epharas Ausstrahlung,Fulgore di Efara,エファラの輝き,에파라의 광휘,Radiância de Efara,Сияние Эфары,Resplandor de Efara
Excoriate,"Excoriate	{3}{W}
Sorcery
Exile target tapped creature.

",https://scryfall.com/card/bng/10/excoriate,https://cards.scryfall.io/large/front/b/a/ba8db734-1923-40e9-821b-17b534ba5995.jpg?1592765263,痛斥,痛斥,Excoriation,Vernichtende Zurechtweisung,Stigmatizzare,剥離,몰아붙이기,Escoriar,Суровое Порицание,Excoriar
Fated Retribution,"Fated Retribution	{4}{W}{W}{W}
Instant
Destroy all creatures and planeswalkers. If it's your turn, scry 2.

",https://scryfall.com/card/bng/11/fated-retribution,https://cards.scryfall.io/large/front/8/1/8158b330-2868-4147-907e-4d86e44cfaad.jpg?1593091437,命定报应,命定報應,Châtiment annoncé,Schicksalhafte Vergeltung,Punizione Fatidica,宿命的報復,운명적 복수,Retribuição Predestinada,Предначертанное Возмездие,Venganza nefasta
Ghostblade Eidolon,"Ghostblade Eidolon	{2}{W}
Enchantment Creature — Spirit
Bestow {5}{W} (If you cast this card for its bestow cost, it's an Aura spell with enchant creature. It becomes a creature again if it's not attached.)
Double strike (This creature deals both first-strike and regular combat damage.)
Enchanted creature gets +1/+1 and has double strike.
1/1
",https://scryfall.com/card/bng/12/ghostblade-eidolon,https://cards.scryfall.io/large/front/0/7/0795101e-07d9-419a-adca-3eb57536fd5f.jpg?1562700919,鬼刃幻灵,鬼刃幻靈,Eidôlon aux lames fantômes,Geisterklingen-Eidolon,Apparizione delle Lame Fantasma,霊刃の幻霊,유령검 에이돌론,Eidolon Espada Fantasma,Эйдолон Призрачных Клинков,Eidolón filoespectral
Glimpse the Sun God,"Glimpse the Sun God	{X}{W}
Instant
Tap X target creatures. Scry 1. (Look at the top card of your library. You may put that card on the bottom.)

",https://scryfall.com/card/bng/13/glimpse-the-sun-god,https://cards.scryfall.io/large/front/f/2/f241e5f7-3168-4bd2-b586-185aad3ae9d9.jpg?1593091455,瞥视太阳神,瞥視太陽神,Aperçu du dieu du Soleil,Anblick des Sonnengottes,Intravedere il Dio del Sole,太陽神の一瞥,태양신을 보다,Vislumbre do Deus Sol,Взор Бога Солнца,Vislumbrar al dios del sol
God-Favored General,"God-Favored General	{1}{W}
Creature — Human Soldier
Inspired — Whenever this creature becomes untapped, you may pay {2}{W}. If you do, create two 1/1 white Soldier enchantment creature tokens.
1/1
",https://scryfall.com/card/bng/14/god-favored-general,https://cards.scryfall.io/large/front/9/8/984c2db0-5a79-47b8-8a42-5674c6d9d0fd.jpg?1593091464,神泽将领,神澤將領,Général favori des dieux,Götterbegnadeter General,Generale Favorito degli Dei,神に寵愛された将軍,신이 보살피는 장군,General Protegido pelos Deuses,Любимый Богами Генерал,General bendecido por los dioses
Great Hart,"Great Hart	{3}{W}
Creature — Elk

2/4
",https://scryfall.com/card/bng/15/great-hart,https://cards.scryfall.io/large/front/7/0/70cd7d2b-e9c4-4900-89a0-f6eb0c6cb22b.jpg?1593860910,雄伟赤鹿,雄偉赤鹿,Grand cerf,Großer Hirsch,Grande Cervo,大アカシカ,커다란 숫사슴,Grande Cervo,Большой Олень,El gran venado
Griffin Dreamfinder,"Griffin Dreamfinder	{3}{W}{W}
Creature — Griffin
Flying
When this creature enters, return target enchantment card from your graveyard to your hand.
1/4
",https://scryfall.com/card/bng/16/griffin-dreamfinder,https://cards.scryfall.io/large/front/b/5/b569fadd-d9ca-4b0d-bee2-9d45574e56f0.jpg?1593091479,觅梦狮鹫,覓夢獅鷲,Traquerêve griffon,Traumhäschergreif,Grifone Catturasogni,グリフィンの夢掴み,꿈을 찾는 그리핀,Grifo Apanha-sonhos,"Грифон, Искатель Снов",Grifo cazador de sueños
Hero of Iroas,"Hero of Iroas	{1}{W}
Creature — Human Soldier
Aura spells you cast cost {1} less to cast.
Heroic — Whenever you cast a spell that targets this creature, put a +1/+1 counter on this creature.
2/2
",https://scryfall.com/card/bng/17/hero-of-iroas,https://cards.scryfall.io/large/front/f/c/fcc9a63b-e7cd-404a-8d5c-0c1396e16d0b.jpg?1547515580,伊洛安斯的英雄,伊洛安斯的英雄,Héros d'Iroas,Held des Iroas,Eroe di Iroas,イロアスの英雄,이로아스의 영웅,Herói de Iroas,Герой Ироя,Héroe de Iroas
Hold at Bay,"Hold at Bay	{1}{W}
Instant
Prevent the next 7 damage that would be dealt to any target this turn.

",https://scryfall.com/card/bng/18/hold-at-bay,https://cards.scryfall.io/large/front/f/f/ffeb407d-6a42-488a-9869-83da3047e45d.jpg?1593091497,阻止进袭,阻止進襲,Tenir en respect,Vom Leibe halten,Tenere a Distanza,くぎ付け,견고한 수비,Manter à Distância,Отчаянное Сопротивление,Bajo control
Loyal Pegasus,"Loyal Pegasus	{W}
Creature — Pegasus
Flying
This creature can't attack or block alone.
2/1
",https://scryfall.com/card/bng/19/loyal-pegasus,https://cards.scryfall.io/large/front/7/c/7cae7971-953b-454a-84dd-ae2974946da9.jpg?1592516133,忠诚飞马,忠誠飛馬,Pégase loyal,Loyaler Pegasus,Pegaso Leale,忠実なペガサス,충직한 페가수스,Pégaso Leal,Верный Пегас,Pegaso fiel
Mortal's Ardor,"Mortal's Ardor	{W}
Instant
Target creature gets +1/+1 and gains lifelink until end of turn. (Damage dealt by the creature also causes its controller to gain that much life.)

",https://scryfall.com/card/bng/20/mortals-ardor,https://cards.scryfall.io/large/front/7/5/75743f66-fd2d-47e7-b56f-1c95311d09c2.jpg?1562840242,凡人的热忱,凡人的熱忱,Ardeur des mortels,Inbrunst der Sterblichen,Ardore dei Mortali,定命の者の熱意,필멸자의 열정,Ardor dos Mortais,Рвение Смертного,Fervor del mortal
Nyxborn Shieldmate,"Nyxborn Shieldmate	{W}
Enchantment Creature — Human Soldier
Bestow {2}{W} (If you cast this card for its bestow cost, it's an Aura spell with enchant creature. It becomes a creature again if it's not attached.)
Enchanted creature gets +1/+2.
1/2
",https://scryfall.com/card/bng/21/nyxborn-shieldmate,https://cards.scryfall.io/large/front/6/4/64204816-6e1d-4bf8-acd0-8f83ca7eb8c7.jpg?1593091524,天裔护盾手,天裔護盾手,Compagnon bouclier né de Nyx,Nyxgeborener Schildbruder,Scutifero Nyxiano,ニクス生まれの盾の仲間,닉스에서 태어난 방패병,Escudeiro Nyxnato,Щитоносец из Никса,Escudante nativo de Nyx
Oreskos Sun Guide,"Oreskos Sun Guide	{1}{W}
Creature — Cat Monk
Inspired — Whenever this creature becomes untapped, you gain 2 life.
2/2
",https://scryfall.com/card/bng/22/oreskos-sun-guide,https://cards.scryfall.io/large/front/0/6/064435e7-20ea-4ba4-b039-a945afeeb5c6.jpg?1593091531,俄瑞恣太阳向导,俄瑞恣太陽嚮導,Guide solaire d'Oreskos,Oreskos-Sonnenführer,Guida Solare di Oreskos,オレスコスの太陽導き,오레스코스 태양 인도자,Guia do Sol de Oreskos,Солнечный Проводник из Ореска,Guía solar de Oreskos
Ornitharch,"Ornitharch	{3}{W}{W}
Creature — Archon
Flying
Tribute 2 (As this creature enters, an opponent of your choice may put two +1/+1 counters on it.)
When this creature enters, if tribute wasn't paid, create two 1/1 white Bird creature tokens with flying.
3/3
",https://scryfall.com/card/bng/23/ornitharch,https://cards.scryfall.io/large/front/f/9/f95a0bf4-10c7-4afa-8cf6-e31196cc2bd5.jpg?1593091541,百鸟统领,百鳥統領,Ornitharque,Ornitharchin,Ornitarca,羽撃王,새의 군주,Ornitarca,Орнитарх,Orniconte
Plea for Guidance,"Plea for Guidance	{5}{W}
Sorcery
Search your library for up to two enchantment cards, reveal them, put them into your hand, then shuffle.

",https://scryfall.com/card/bng/24/plea-for-guidance,https://cards.scryfall.io/large/front/1/d/1d1d6d76-f399-475a-b5cd-544bd7c6d967.jpg?1593091549,祈求指引,祈求指引,Humble supplique,Ruf nach Führung,Invocare una Guida,導きの嘆願,신께 드리는 간청,Rogo por Orientação,Мольба о Наставлении,Suplicar ayuda
Revoke Existence,"Revoke Existence	{1}{W}
Sorcery
Exile target artifact or enchantment.

",https://scryfall.com/card/bng/25/revoke-existence,https://cards.scryfall.io/large/front/7/b/7bd4fc26-8351-4371-948b-f43346c3e771.jpg?1599709680,撤销存在,撤銷存在,Révocation de l'existence,Existenz aberkennen,Revocare Esistenza,存在の破棄,존재 폐기,Revogar Existência,Отзыв Бытия,Revocar la existencia
Silent Sentinel,"Silent Sentinel	{5}{W}{W}
Creature — Archon
Flying
Whenever this creature attacks, you may return target enchantment card from your graveyard to the battlefield.
4/6
",https://scryfall.com/card/bng/26/silent-sentinel,https://cards.scryfall.io/large/front/7/3/73798b01-fcbc-4dc0-9fde-6a618da185f2.jpg?1592710485,沉静哨卫,沉靜哨衛,Sentinelle silencieuse,Stummer Wachposten,Sentinella Silente,沈黙の歩哨,침묵의 보초,Sentinela Silenciosa,Молчаливый Стражник,Centinela silencioso
Spirit of the Labyrinth,"Spirit of the Labyrinth	{1}{W}
Enchantment Creature — Spirit
Each player can't draw more than one card each turn.
3/1
",https://scryfall.com/card/bng/27/spirit-of-the-labyrinth,https://cards.scryfall.io/large/front/f/4/f44e5128-e146-4e46-b313-a40d82719d1d.jpg?1593091571,迷宫精怪,迷宮精靈,Esprit du Labyrinthe,Geist des Labyrinths,Spirito del Dedalo,迷宮の霊魂,지하미궁의 신령,Espírito do Labirinto,Дух Лабиринта,Espíritu del laberinto
Sunbond,"Sunbond	{3}{W}
Enchantment — Aura
Enchant creature
Enchanted creature has ""Whenever you gain life, put that many +1/+1 counters on this creature.""

",https://scryfall.com/card/bng/28/sunbond,https://cards.scryfall.io/large/front/9/f/9f14bbff-8a3c-4aa0-a5aa-0dd6cb23b2a3.jpg?1593091578,旭日羁绊,旭日羈絆,Lien solaire,Sonnenbund,Fedele al Sole,陽絆,태양결속,Elo com o Sol,Солнечные Узы,Vínculo solar
Vanguard of Brimaz,"Vanguard of Brimaz	{W}{W}
Creature — Cat Soldier
Vigilance
Heroic — Whenever you cast a spell that targets this creature, create a 1/1 white Cat Soldier creature token with vigilance.
2/2
",https://scryfall.com/card/bng/29/vanguard-of-brimaz,https://cards.scryfall.io/large/front/a/d/adb38717-97d5-4763-9e6c-46251df704ed.jpg?1593091588,布黎玛先锋,布里瑪先鋒,Avant-garde de Brimaz,Brimaz' Vorhut,Avanguardia di Brimaz,ブリマーズの先兵,브리마즈 선봉대,Vanguarda de Brimaz,Авангард Бримаза,Vanguardia de Brimaz
Aerie Worshippers,"Aerie Worshippers	{3}{U}
Creature — Human Cleric
Inspired — Whenever this creature becomes untapped, you may pay {2}{U}. If you do, create a 2/2 blue Bird enchantment creature token with flying.
2/4
",https://scryfall.com/card/bng/30/aerie-worshippers,https://cards.scryfall.io/large/front/0/6/06c8b3b9-f0fb-4cc1-8916-82ee2c74f089.jpg?1593091596,巢居朝拜者,巢居朝拜者,Adoratrices de l'aérain,Adlerhorst-Anbeterinnen,Adoratrici del Nido,高巣の崇拝者,둥지 숭배자들,Adoradoras do Ninho,Почитательницы Гнезда,Devotas del nido
Arbiter of the Ideal,"Arbiter of the Ideal	{4}{U}{U}
Creature — Sphinx
Flying
Inspired — Whenever this creature becomes untapped, reveal the top card of your library. If it's an artifact, creature, or land card, you may put it onto the battlefield with a manifestation counter on it. That permanent is an enchantment in addition to its other types.
4/5
",https://scryfall.com/card/bng/31/arbiter-of-the-ideal,https://cards.scryfall.io/large/front/3/2/32e58ba3-4202-4f91-b27f-7528d27c1d5c.jpg?1593091603,理念仲裁者,理念仲裁者,Arbitre de l'Idéal,Gebieterin des Ideals,Ordinatrice dell'Ideale,理想の調停者,이상의 중재자,Árbitra do Ideal,Судья Идеалов,Mediadora de lo ideal
Archetype of Imagination,"Archetype of Imagination	{4}{U}{U}
Enchantment Creature — Human Wizard
Creatures you control have flying.
Creatures your opponents control lose flying and can't have or gain flying.
3/2
",https://scryfall.com/card/bng/32/archetype-of-imagination,https://cards.scryfall.io/large/front/2/0/204972f7-8111-4e7d-97c4-53bcdc222230.jpg?1726284637,想象典范,想像典範,Archétype de l'imagination,Sinnbild der Vorstellungskraft,Archetipo dell'Immaginazione,空想の元型,상상력의 표상,Arquétipo da Imaginação,Образец Воображения,Prototipo de imaginación
Chorus of the Tides,"Chorus of the Tides	{3}{U}
Creature — Siren
Flying
Heroic — Whenever you cast a spell that targets this creature, scry 1. (To scry 1, look at the top card of your library, then you may put that card on the bottom.)
3/2
",https://scryfall.com/card/bng/33/chorus-of-the-tides,https://cards.scryfall.io/large/front/6/e/6e576f7a-0390-4514-aaed-20406fe6acdf.jpg?1593091617,浪潮韵集,浪潮韻集,Chœur des marées,Chor der Gezeiten,Coro delle Maree,潮流の合唱者,파도의 합창단,Coro das Marés,Хор Приливов,Coristas de la marea
Crypsis,"Crypsis	{1}{U}
Instant
Target creature you control gains protection from creatures your opponents control until end of turn. Untap it.

",https://scryfall.com/card/bng/34/crypsis,https://cards.scryfall.io/large/front/b/d/bd445b01-34af-4132-a9fe-a03858624492.jpg?1593091623,保护色,保護色,Cryptisme,Krypsis,Criptismo,保護色,보호색,Criptismo,Защитный Окрас,Cripsis
Deepwater Hypnotist,"Deepwater Hypnotist	{1}{U}
Creature — Merfolk Wizard
Inspired — Whenever this creature becomes untapped, target creature an opponent controls gets -3/-0 until end of turn.
2/1
",https://scryfall.com/card/bng/35/deepwater-hypnotist,https://cards.scryfall.io/large/front/4/a/4ab7c6a7-8214-4644-8f2e-ec74d2aff27e.jpg?1593091631,深海催眠师,深海催眠師,Hypnotiseuse des grands fonds,Tiefsee-Hypnotiseurin,Ipnotizzatrice degli Abissi,深海の催眠術師,심해 최면술사,Hipnotizador do Mar Profundo,Гипнотизер из Бездны,Hipnotista de las profundidades
Divination,"Divination	{2}{U}
Sorcery
Draw two cards.

",https://scryfall.com/card/bng/36/divination,https://cards.scryfall.io/large/front/c/b/cb3b35b8-f321-46d8-a441-6b9a6efa9021.jpg?1562304347,卜卦,卜卦,Divination,Weissagung,Divinazione,予言,점,Divinação,Прорицание,Adivinación
Eternity Snare,"Eternity Snare	{5}{U}
Enchantment — Aura
Enchant creature
When this Aura enters, draw a card.
Enchanted creature doesn't untap during its controller's untap step.

",https://scryfall.com/card/bng/37/eternity-snare,https://cards.scryfall.io/large/front/f/a/fa167147-68ca-49af-98d3-538474ea1158.jpg?1593091646,恒久绊索,恒久絆索,Collet d'éternité,Ewigkeitsschlinge,Calappio d'Eternità,永遠の罠,영원의 덫,Armadilha da Eternidade,Западня Вечности,Trampa de eternidad
Evanescent Intellect,"Evanescent Intellect	{U}
Enchantment — Aura
Enchant creature
Enchanted creature has ""{1}{U}, {T}: Target player mills three cards.""

",https://scryfall.com/card/bng/38/evanescent-intellect,https://cards.scryfall.io/large/front/d/3/d38cfe97-77b3-4423-95ac-88eb850cf854.jpg?1593091654,智识凋零,智識凋零,Intellect évanescent,Schwindender Intellekt,Intelletto Evanescente,一過性の知力,덧없는 지능,Intelecto Evanescente,Угасающий Разум,Intelecto evanescente
Fated Infatuation,"Fated Infatuation	{U}{U}{U}
Instant
Create a token that's a copy of target creature you control. If it's your turn, scry 2.

",https://scryfall.com/card/bng/39/fated-infatuation,https://cards.scryfall.io/large/front/9/e/9e5ba99d-d95d-4a3b-b6b6-a5e2589d538e.jpg?1593091661,命定迷醉,命定迷醉,Infatuation annoncée,Schicksalhafte Verlockung,Infatuazione Fatidica,宿命的心酔,운명적 사랑,Paixão Predestinada,Предначертанная Одержимость,Obstinación nefasta
Flitterstep Eidolon,"Flitterstep Eidolon	{1}{U}
Enchantment Creature — Spirit
Bestow {5}{U} (If you cast this card for its bestow cost, it's an Aura spell with enchant creature. It becomes a creature again if it's not attached.)
This creature can't be blocked.
Enchanted creature gets +1/+1 and can't be blocked.
1/1
",https://scryfall.com/card/bng/40/flitterstep-eidolon,https://cards.scryfall.io/large/front/9/a/9a79cee0-6023-42bc-a934-69b99fd5fb02.jpg?1593091670,迅步幻灵,迅步幻靈,Eidôlon prestepas,Flinkschritt-Eidolon,Apparizione dal Passo Sfuggente,閃足の幻霊,빠른발 에이돌론,Eidolon Passoleve,Эйдолон Летящего Шага,Eidolón pasoraudo
Floodtide Serpent,"Floodtide Serpent	{4}{U}
Creature — Serpent
This creature can't attack unless you return an enchantment you control to its owner's hand. (This cost is paid as attackers are declared.)
4/4
",https://scryfall.com/card/bng/41/floodtide-serpent,https://cards.scryfall.io/large/front/7/a/7a2a4b24-096a-4d36-a872-73fa4552bb35.jpg?1593091679,潮汛巨蛇,潮汛巨蛇,Serpent des flots déchaînés,Flutschlange,Serpe dell'Inondazione,氾濫潮の海蛇,해일 이무기,Serpente da Maré Cheia,Змей Наводнения,Serpiente de pleamar
Kraken of the Straits,"Kraken of the Straits	{5}{U}{U}
Creature — Kraken
Creatures with power less than the number of Islands you control can't block this creature.
6/6
",https://scryfall.com/card/bng/42/kraken-of-the-straits,https://cards.scryfall.io/large/front/1/2/12ae69b3-afa5-4763-a0c8-c3d9d96f6ddc.jpg?1593091689,海峡巨海兽,海峽巨海獸,Kraken des détroits,Meerengen-Krake,Kraken dello Stretto,海峡のクラーケン,해협 크라켄,Kraken do Estreito,Кракен Проливов,Kraken del estrecho
Meletis Astronomer,"Meletis Astronomer	{1}{U}
Creature — Human Wizard
Heroic — Whenever you cast a spell that targets this creature, look at the top three cards of your library. You may reveal an enchantment card from among them and put it into your hand. Put the rest on the bottom of your library in any order.
1/3
",https://scryfall.com/card/bng/43/meletis-astronomer,https://cards.scryfall.io/large/front/a/f/af9adca9-3e69-474f-896d-bb05b1d67252.jpg?1593091699,迈勒提斯占星家,邁勒提斯占星家,Astronome de Mélétis,Meletis-Astronom,Astronomo di Meletis,メレティスの天文学者,멜레티스 천문학자,Astrônomo de Meletis,Астроном из Мелетиды,Astrónomo de Meletis
Mindreaver,"Mindreaver	{U}{U}
Creature — Human Wizard
Heroic — Whenever you cast a spell that targets this creature, exile the top three cards of target player's library.
{U}{U}, Sacrifice this creature: Counter target spell with the same name as a card exiled with this creature.
2/1
",https://scryfall.com/card/bng/44/mindreaver,https://cards.scryfall.io/large/front/8/7/87912ae7-3edc-4ea2-9b4b-caf2bc149ad1.jpg?1593091707,裂灵师,裂靈師,Pillard cérébral,Gedankenplünderer,Razziatore di Menti,精神奪い,정신약탈자,Despojador de Mentes,Вор Мыслей,Asaltamentes
Nullify,"Nullify	{U}{U}
Instant
Counter target creature or Aura spell.

",https://scryfall.com/card/bng/45/nullify,https://cards.scryfall.io/large/front/a/9/a940d859-3fb1-4946-8277-b7c503605b1e.jpg?1593091715,废除,廢除,Invalidation,Nullifizieren,Invalidare,無効化,공허화,Nulificar,Упразднение,Invalidar
Nyxborn Triton,"Nyxborn Triton	{2}{U}
Enchantment Creature — Merfolk
Bestow {4}{U} (If you cast this card for its bestow cost, it's an Aura spell with enchant creature. It becomes a creature again if it's not attached.)
Enchanted creature gets +2/+3.
2/3
",https://scryfall.com/card/bng/46/nyxborn-triton,https://cards.scryfall.io/large/front/6/5/65371de6-13a2-401f-9334-ae9e19619487.jpg?1593091723,天裔屈东,天裔屈東,Triton né de Nyx,Nyxgeborener Tritonier,Marinide Nyxiano,ニクス生まれのトリトン,닉스에서 태어난 트리톤,Talassido Nyxnato,Тритон из Никса,Tritónido nativo de Nyx
Oracle's Insight,"Oracle's Insight	{3}{U}
Enchantment — Aura
Enchant creature
Enchanted creature has ""{T}: Scry 1, then draw a card."" (To scry 1, look at the top card of your library, then you may put that card on the bottom.)

",https://scryfall.com/card/bng/47/oracles-insight,https://cards.scryfall.io/large/front/5/3/533d455a-88c9-4e41-b31e-5dcf821c6f6f.jpg?1562911936,先知眼光,先知眼光,Perspicacité de l'oracle,Einblicke des Orakels,Visione dell'Oracolo,神託者の眼識,예언자의 지혜,Percepção do Oráculo,Озарение Оракула,Perspicacia del oráculo
Perplexing Chimera,"Perplexing Chimera	{4}{U}
Enchantment Creature — Chimera
Whenever an opponent casts a spell, you may exchange control of this creature and that spell. If you do, you may choose new targets for the spell. (If the spell becomes a permanent, you control that permanent.)
3/3
",https://scryfall.com/card/bng/48/perplexing-chimera,https://cards.scryfall.io/large/front/f/9/f9cff40b-9cae-47d0-8df4-c287a17a33e4.jpg?1593091744,扰志盖美拉,擾志蓋美拉,Chimère inconcevable,Verwirrende Chimäre,Chimera Sconcertante,厄介なキマイラ,기묘한 키메라,Quimera Desconcertante,Озадачивающая Химера,Quimera desconcertante
Retraction Helix,"Retraction Helix	{U}
Instant
Until end of turn, target creature gains ""{T}: Return target nonland permanent to its owner's hand.""

",https://scryfall.com/card/bng/49/retraction-helix,https://cards.scryfall.io/large/front/7/a/7aa3fdd0-34d8-47b3-9753-d2929838732e.jpg?1562437109,撤收螺旋,撤收螺旋,Hélice de rétractation,Helix des Rückrufs,Spirale della Ritrazione,撤回のらせん,철회의 나선,Hélice de Retração,Спираль Возвращения,Hélice de retracción
Siren of the Fanged Coast,"Siren of the Fanged Coast	{3}{U}{U}
Creature — Siren
Flying
Tribute 3 (As this creature enters, an opponent of your choice may put three +1/+1 counters on it.)
When this creature enters, if tribute wasn't paid, gain control of target creature.
1/1
",https://scryfall.com/card/bng/50/siren-of-the-fanged-coast,https://cards.scryfall.io/large/front/5/b/5ba93d9a-94cd-4d90-860a-f567793a5be4.jpg?1593091768,毒牙海岸塞连,毒牙海岸塞連,Sirène de la Côte Dentelée,Sirene der Reißzahnküste,Sirena di Costa delle Zanne,牙海岸のセイレーン,송곳니 해안의 세이렌,Sirena da Costa Acidentada,Сирена с Клыкастого Берега,Sirena de la costa aguzada
Sphinx's Disciple,"Sphinx's Disciple	{3}{U}{U}
Creature — Human Wizard
Flying
Inspired — Whenever this creature becomes untapped, draw a card.
2/2
",https://scryfall.com/card/bng/51/sphinxs-disciple,https://cards.scryfall.io/large/front/b/a/ba33f00d-dbed-4bfb-a295-90f729be98de.jpg?1593091779,史芬斯的信徒,史芬斯的信徒,Disciple du sphinx,Schüler der Sphinx,Discepolo della Sfinge,スフィンクスの信奉者,스핑크스의 사도,Discípulo da Esfinge,Ученик Сфинкса,Discípulo de la esfinge
Stratus Walk,"Stratus Walk	{1}{U}
Enchantment — Aura
Enchant creature
When this Aura enters, draw a card.
Enchanted creature has flying. (It can't be blocked except by creatures with flying or reach.)
Enchanted creature can block only creatures with flying.

",https://scryfall.com/card/bng/52/stratus-walk,https://cards.scryfall.io/large/front/9/4/947bb8f3-51f5-4fbe-9098-7e48f9fe1452.jpg?1562031789,漫步云端,漫步雲端,Tour de stratus,Auf Wolken wandeln,Camminare sui Nembi,層雲歩み,구름 걷기,Caminhar nos Estratos,Прогулка по Облакам,Levitación estratosférica
Sudden Storm,"Sudden Storm	{3}{U}
Instant
Tap up to two target creatures. Those creatures don't untap during their controllers' next untap steps. Scry 1. (Look at the top card of your library. You may put that card on the bottom.)

",https://scryfall.com/card/bng/53/sudden-storm,https://cards.scryfall.io/large/front/6/b/6beffc33-58fd-4364-b87b-d4573ecaf4bd.jpg?1593091796,突降暴雨,突降暴雨,Tempête soudaine,Plötzlicher Sturm,Tempesta Improvvisa,突然の嵐,느닷없는 폭풍,Tempestade Súbita,Внезапная Буря,Tormenta repentina
Thassa's Rebuff,"Thassa's Rebuff	{1}{U}
Instant
Counter target spell unless its controller pays {X}, where X is your devotion to blue. (Each {U} in the mana costs of permanents you control counts toward your devotion to blue.)

",https://scryfall.com/card/bng/54/thassas-rebuff,https://cards.scryfall.io/large/front/8/1/816a6ff7-cede-4346-b3e6-aee33aefac3a.jpg?1593091807,塔萨的拒斥,塔薩的拒斥,Rebuffade de Thassa,Thassas Zurückweisung,Rifiuto di Thassa,タッサの拒絶,타사의 거절,Repúdio de Tassa,Отпор Тассы,Desaire de Tassa
Tromokratis,"Tromokratis	{5}{U}{U}
Legendary Creature — Kraken
Tromokratis has hexproof unless it's attacking or blocking.
Tromokratis can't be blocked unless all creatures defending player controls block it. (If any creature that player controls doesn't block this creature, it can't be blocked.)
8/8
",https://scryfall.com/card/bng/55/tromokratis,https://cards.scryfall.io/large/front/f/4/f40ad933-ddd9-4975-a222-21fe3305137c.jpg?1690017060,卓莫克雷提,卓莫克雷提,Tromokratis,Tromokratis,Tromokrate,トロモクラティス,트로모크레이티스,Tromokratis,Тромократ,Tromokratis
Vortex Elemental,"Vortex Elemental	{U}
Creature — Elemental
{U}: Put this creature and each creature blocking or blocked by it on top of their owners' libraries, then those players shuffle.
{3}{U}{U}: Target creature blocks this creature this turn if able.
0/1
",https://scryfall.com/card/bng/56/vortex-elemental,https://cards.scryfall.io/large/front/5/c/5cb7ca2b-c5de-4c8a-91cb-8dd8ab5387d8.jpg?1593091827,漩涡元素,漩渦元素,Élémental de vortex,Strudelelementar,Elementale del Vortice,渦潮の精霊,소용돌이 정령,Elemental do Vórtice,Элементаль Вихря,Elemental del vórtice
Whelming Wave,"Whelming Wave	{2}{U}{U}
Sorcery
Return all creatures to their owners' hands except for Krakens, Leviathans, Octopuses, and Serpents.

",https://scryfall.com/card/bng/57/whelming-wave,https://cards.scryfall.io/large/front/d/d/ddb863a0-3ff8-42a3-a151-4ea9aa433336.jpg?1608912215,灭顶浪潮,滅頂浪潮,Vague de submersion,Flutwelle,Onda Travolgente,圧倒的な波,내리덮는 파도,Onda Imersora,Затапливающая Волна,Tromba
Archetype of Finality,"Archetype of Finality	{4}{B}{B}
Enchantment Creature — Gorgon
Creatures you control have deathtouch.
Creatures your opponents control lose deathtouch and can't have or gain deathtouch.
2/3
",https://scryfall.com/card/bng/58/archetype-of-finality,https://cards.scryfall.io/large/front/f/3/f326b9c5-063b-4c53-a696-11cd89fc88d8.jpg?1593091847,绝命典范,絕命典範,Archétype de la fatalité,Sinnbild der Endgültigkeit,Archetipo dell'Ineluttabilità,決断の元型,종결의 표상,Arquétipo da Finalidade,Образец Завершенности,Prototipo de irreversibilidad
Ashiok's Adept,"Ashiok's Adept	{2}{B}
Creature — Human Wizard
Heroic — Whenever you cast a spell that targets this creature, each opponent discards a card.
1/3
",https://scryfall.com/card/bng/59/ashioks-adept,https://cards.scryfall.io/large/front/8/6/86acd1cc-5238-4734-a324-b4cecffc0bab.jpg?1593091857,安梭苛的专家,安梭苛的專家,Expert d'Ashiok,Ashioks Lehrling,Adepto di Ashiok,アショクの心酔者,아시오크의 추종자,Adepto de Ashiok,Адепт Ашиока,Adepto de Ashiok
Asphyxiate,"Asphyxiate	{1}{B}{B}
Sorcery
Destroy target untapped creature.

",https://scryfall.com/card/bng/60/asphyxiate,https://cards.scryfall.io/large/front/8/9/894f3f5f-586d-45e4-9af7-4de80e44dfae.jpg?1593091866,闷死,悶死,Mort par asphyxie,Luft abschnüren,Asfissiare,窒息死,질식사,Morte por Asfixia,Удушье,Asfixiar
Bile Blight,"Bile Blight	{B}{B}
Instant
Target creature and all other creatures with the same name as that creature get -3/-3 until end of turn.

",https://scryfall.com/card/bng/61/bile-blight,https://cards.scryfall.io/large/front/3/c/3ca11057-e50a-4817-924a-5bb504d0780f.jpg?1593091873,枯胆恶疾,枯膽惡疾,Fléau biliaire,Gallenfäule,Morbo Avvizzente,胆汁病,구토병,Bileputríase,Гибельная Желчь,Peste biliar
Black Oak of Odunos,"Black Oak of Odunos	{2}{B}
Creature — Zombie Treefolk
Defender
{B}, Tap another untapped creature you control: This creature gets +1/+1 until end of turn.
0/5
",https://scryfall.com/card/bng/62/black-oak-of-odunos,https://cards.scryfall.io/large/front/5/f/5f1e9195-a711-4f4d-9d53-d5d230c092ef.jpg?1593091882,俄渡诺陵黑橡树妖,俄渡諾陵黑橡樹妖,Chêne noir d'Odounos,Schwarzeiche von Odunos,Quercia Nera di Odunos,オドゥノスの黒樫,오두노스의 검은 떡갈나무,Carvalho Negro de Odunos,Черный Дуб Одуна,Roble de Odunos
Champion of Stray Souls,"Champion of Stray Souls	{4}{B}{B}
Creature — Skeleton Warrior
{3}{B}{B}, {T}, Sacrifice X other creatures: Return X target creature cards from your graveyard to the battlefield.
{5}{B}{B}: Put this card from your graveyard on top of your library.
4/4
",https://scryfall.com/card/bng/63/champion-of-stray-souls,https://cards.scryfall.io/large/front/f/0/f0efbddb-c076-4552-b417-3608e0696a77.jpg?1568004159,孤魂斗士,孤魂鬥士,Champion des âmes égarées,Champion der verlorenen Seelen,Campione delle Anime Perdute,彷徨える魂の勇者,방황하는 영혼의 투사,Campeão das Almas Perdidas,Поборник Заблудших Душ,Campeón de las almas descarriadas
Claim of Erebos,"Claim of Erebos	{1}{B}
Enchantment — Aura
Enchant creature
Enchanted creature has ""{1}{B}, {T}: Target player loses 2 life.""

",https://scryfall.com/card/bng/64/claim-of-erebos,https://cards.scryfall.io/large/front/a/5/a51db556-b3e8-4628-9e39-6353023b0696.jpg?1593091901,厄睿柏斯索魂,厄睿柏斯索魂,Revendication d'Érebos,Anrecht des Erebos,Rivendicazione di Erebos,エレボスの催促,에레보스의 요구,Reivindicação de Érebo,Право Эреба,Reivindicación de Erebos
Drown in Sorrow,"Drown in Sorrow	{1}{B}{B}
Sorcery
All creatures get -2/-2 until end of turn. Scry 1. (Look at the top card of your library. You may put that card on the bottom.)

",https://scryfall.com/card/bng/65/drown-in-sorrow,https://cards.scryfall.io/large/front/4/5/4512357b-0d08-4996-9301-5853eae1ea64.jpg?1690007607,陷入悲痛,陷入悲痛,Chagrin accablant,Im Leid ertrinken,Annegare nel Dolore,悲哀まみれ,슬픔에 빠져 죽다,Afogar em Mágoas,В Объятиях Тоски,Ahogado en pena
Eater of Hope,"Eater of Hope	{5}{B}{B}
Creature — Demon
Flying
{B}, Sacrifice another creature: Regenerate this creature.
{2}{B}, Sacrifice two other creatures: Destroy target creature.
6/4
",https://scryfall.com/card/bng/66/eater-of-hope,https://cards.scryfall.io/large/front/a/7/a7c62113-48c1-47ae-8ede-c05c1c914c3b.jpg?1637630150,希望噬魔,希望噬魔,Dévoreur d'espoir,Verschlinger der Hoffnung,Divoratore di Speranza,希望喰らい,희망의 탐식자,Devorador de Esperança,Пожиратель Надежды,Devorador de esperanza
Eye Gouge,"Eye Gouge	{B}
Instant
Target creature gets -1/-1 until end of turn. If it's a Cyclops, destroy it.

",https://scryfall.com/card/bng/67/eye-gouge,https://cards.scryfall.io/large/front/9/4/94d4eb34-0529-48a0-ac52-b57cead7b651.jpg?1593091932,凿眼,鑿眼,En plein dans l'œil,Augen ausstechen,Perforazione dell'Occhio,目抉り,눈알 찌르기,Arrancar Olho,Лишение Глаза,Directo al ojo
Fate Unraveler,"Fate Unraveler	{3}{B}
Enchantment Creature — Hag
Whenever an opponent draws a card, this creature deals 1 damage to that player.
3/4
",https://scryfall.com/card/bng/68/fate-unraveler,https://cards.scryfall.io/large/front/3/0/30250c4d-2c16-4d03-874e-aec39d8e72a9.jpg?1726284820,析命巫婆,析命巫婆,Détisseuse de destin,Schicksalsvereitlerin,Colei che Dipana il Fato,運命をほぐす者,운명을 꼬는 노파,Desmanchadora de Destino,Расплетательница Судеб,Devanadora del destino
Fated Return,"Fated Return	{4}{B}{B}{B}
Instant
Put target creature card from a graveyard onto the battlefield under your control. It gains indestructible. If it's your turn, scry 2.

",https://scryfall.com/card/bng/69/fated-return,https://cards.scryfall.io/large/front/5/d/5d168856-5568-4ee0-942d-78865d2bb1ef.jpg?1604193072,命定归返,命定歸返,Retour annoncé,Schicksalhafte Rückkehr,Risveglio Fatidico,宿命的復活,운명적 귀환,Retorno Predestinado,Предначертанное Возвращение,Regreso nefasto
Felhide Brawler,"Felhide Brawler	{1}{B}
Creature — Minotaur
This creature can't block unless you control another Minotaur.
2/2
",https://scryfall.com/card/bng/70/felhide-brawler,https://cards.scryfall.io/large/front/4/a/4a829bb0-6a84-46de-9c2d-14176cf542e6.jpg?1593091966,惊怖喧哗兵,驚怖喧嘩兵,Bagarreur Fangepeau,Schauderbalg-Raufbold,Lottatore Velloirsuto,悪魔の皮の喧嘩屋,썩은가죽 싸움꾼,Rufião Courovil,Скверношкурый Буян,Pendenciero pielacre
Forlorn Pseudamma,"Forlorn Pseudamma	{3}{B}
Creature — Zombie
Intimidate (This creature can't be blocked except by artifact creatures and/or creatures that share a color with it.)
Inspired — Whenever this creature becomes untapped, you may pay {2}{B}. If you do, create a 2/2 black Zombie enchantment creature token.
2/1
",https://scryfall.com/card/bng/71/forlorn-pseudamma,https://cards.scryfall.io/large/front/1/c/1c236a33-fb20-41f4-8946-beb65d1cf684.jpg?1593091974,渴子鬼母,渴子鬼母,Pseudomère désespérée,Einsame Pseudamma,Pseudamma Disperata,絶望の偽母,고독한 수담마,Pseudomadre Desconsolada,Отчаявшаяся Псевдамма,Seudodama desolada
Forsaken Drifters,"Forsaken Drifters	{3}{B}
Creature — Zombie
When this creature dies, mill four cards.
4/2
",https://scryfall.com/card/bng/72/forsaken-drifters,https://cards.scryfall.io/large/front/0/5/05445d18-3590-4216-9392-9438d9f9395d.jpg?1593091984,孤零漂泊者,孤零漂泊者,Vagabonds esseulés,Verlorene Vagabunden,Erranti Dimenticati,見捨てられし流れ者,버림 받은 방랑자들,Errantes Abandonados,Брошенные Скитальцы,Errantes abandonados
Gild,"Gild	{3}{B}
Sorcery
Exile target creature. Create a Gold token. (It's an artifact with ""Sacrifice this token: Add one mana of any color."")

",https://scryfall.com/card/bng/73/gild,https://cards.scryfall.io/large/front/e/a/ea315dab-e35d-4fdf-8574-b22e70643063.jpg?1579814093,化金,化金,Dorure,Vergolden,Indorare,金箔付け,도금,Dourar,Позолота,Gualdo
Grisly Transformation,"Grisly Transformation	{2}{B}
Enchantment — Aura
Enchant creature
When this Aura enters, draw a card.
Enchanted creature has intimidate. (It can't be blocked except by artifact creatures and/or creatures that share a color with it.)

",https://scryfall.com/card/bng/74/grisly-transformation,https://cards.scryfall.io/large/front/4/e/4eb0ce84-560f-4e39-a0ab-7bd710d541cc.jpg?1593092015,骇人转化,駭人轉化,Transformation sinistre,Grausige Verwandlung,Trasformazione Raccapricciante,忌まわしい変身,끔찍한 변형,Transformação Macabra,Жуткое Превращение,Transformación macabra
Herald of Torment,"Herald of Torment	{1}{B}{B}
Enchantment Creature — Demon
Bestow {3}{B}{B} (If you cast this card for its bestow cost, it's an Aura spell with enchant creature. It becomes a creature again if it's not attached.)
Flying
At the beginning of your upkeep, you lose 1 life.
Enchanted creature gets +3/+3 and has flying.
3/3
",https://scryfall.com/card/bng/75/herald-of-torment,https://cards.scryfall.io/large/front/6/b/6bb7e5ab-57d7-4a86-b7c2-262932ac3344.jpg?1593092027,劫令恶魔,劫令惡魔,Héraut du tourment,Herold der Qualen,Araldo del Tormento,責め苦の伝令,고통의 전령,Arauto do Tormento,Предвестник Пыток,Heraldo del tormento
Marshmist Titan,"Marshmist Titan	{6}{B}
Creature — Giant
This spell costs {X} less to cast, where X is your devotion to black. (Each {B} in the mana costs of permanents you control counts toward your devotion to black.)
4/5
",https://scryfall.com/card/bng/76/marshmist-titan,https://cards.scryfall.io/large/front/0/9/093d2e4c-f2c4-4d4e-a1b7-200327ce23b0.jpg?1593092035,沼雾泰坦,沼霧泰坦,Titan fangebrume,Sumpfnebel-Titan,Titano Offuscapalude,湿原霧のタイタン,늪안개 거신,Titã Bruma de Pântano,Титан Болотного Тумана,Titán pantanoniebla
Necrobite,"Necrobite	{2}{B}
Instant
Target creature gains deathtouch until end of turn. Regenerate it. (The next time that creature would be destroyed this turn, instead tap it, remove it from combat, and heal all damage on it.)

",https://scryfall.com/card/bng/77/necrobite,https://cards.scryfall.io/large/front/0/6/06c5bca1-b0f0-4032-b2ed-71bdbaa41993.jpg?1562782127,死灵啮咬,死靈嚙咬,Nécromorsure,Nekrobiss,Necromorso,屍噛み,시체의 깨물기,Mordida Necrotizante,Укус Мертвеца,Necromordisco
Nyxborn Eidolon,"Nyxborn Eidolon	{1}{B}
Enchantment Creature — Spirit
Bestow {4}{B} (If you cast this card for its bestow cost, it's an Aura spell with enchant creature. It becomes a creature again if it's not attached.)
Enchanted creature gets +2/+1.
2/1
",https://scryfall.com/card/bng/78/nyxborn-eidolon,https://cards.scryfall.io/large/front/7/6/76f79804-cd90-472b-9d09-3c71e4c6be22.jpg?1593092056,天裔幻灵,天裔幻靈,Eidôlon née de Nyx,Nyxgeborenes Eidolon,Apparizione Nyxiana,ニクス生まれの幻霊,닉스에서 태어난 에이돌론,Eidolon Nyxnato,Эйдолон из Никса,Eidolón nativa de Nyx
Odunos River Trawler,"Odunos River Trawler	{2}{B}
Creature — Zombie
When this creature enters, return target enchantment creature card from your graveyard to your hand.
{W}, Sacrifice this creature: Return target enchantment creature card from your graveyard to your hand.
2/2
",https://scryfall.com/card/bng/79/odunos-river-trawler,https://cards.scryfall.io/large/front/a/5/a5d1eda4-ac34-4905-9022-59f91d38dbb3.jpg?1593092065,俄渡诺陵捕捞客,俄渡諾陵捕撈客,Dragueur d'Odounos,Odunos-Flussfischer,Pescatore Fluviale di Odunos,オドゥノス河の底さらい,오두노스 강 투망꾼,Tarrafeador de Rio de Odunos,Рыбак из Одуна,Arrastrero del río de Odunos
Pain Seer,"Pain Seer	{1}{B}
Creature — Human Wizard
Inspired — Whenever this creature becomes untapped, reveal the top card of your library and put that card into your hand. You lose life equal to that card's mana value.
2/2
",https://scryfall.com/card/bng/80/pain-seer,https://cards.scryfall.io/large/front/8/c/8ce8891f-b44c-4be4-878e-9fc45a9dc9cb.jpg?1593092076,苦痛预言师,苦痛預言師,Voyant de douleur,Schmerzseher,Veggente del Dolore,苦痛の予見者,고통의 예언자,Vidente da Dor,Провидец Боли,Vidente del dolor
Sanguimancy,"Sanguimancy	{4}{B}
Sorcery
You draw X cards and you lose X life, where X is your devotion to black. (Each {B} in the mana costs of permanents you control counts toward your devotion to black.)

",https://scryfall.com/card/bng/81/sanguimancy,https://cards.scryfall.io/large/front/f/b/fb129def-4055-4b12-9944-39406b451553.jpg?1593092085,血占术,血占術,Sanguinomancie,Blutmagie,Ematomanzia,血占術,피로 치는 점,Sanguimancia,Гадание по Крови,Sanguimancia
Servant of Tymaret,"Servant of Tymaret	{2}{B}
Creature — Zombie
Inspired — Whenever this creature becomes untapped, each opponent loses 1 life. You gain life equal to the life lost this way.
{2}{B}: Regenerate this creature.
1/3
",https://scryfall.com/card/bng/82/servant-of-tymaret,https://cards.scryfall.io/large/front/d/f/dfb16d4f-ed42-4b19-9e45-330db88eea9b.jpg?1593092093,提玛瑞的仆从,提瑪瑞的僕從,Servant de Tymaret,Tymarets Diener,Servitore di Tymaret,ティマレットの召使い,티마렛의 수하,Servo de Tymaret,Слуга Тимарета,Siervo de Tymaret
Shrike Harpy,"Shrike Harpy	{3}{B}{B}
Creature — Harpy
Flying
Tribute 2 (As this creature enters, an opponent of your choice may put two +1/+1 counters on it.)
When this creature enters, if tribute wasn't paid, target opponent sacrifices a creature of their choice.
2/2
",https://scryfall.com/card/bng/83/shrike-harpy,https://cards.scryfall.io/large/front/1/c/1c2b1eeb-6cc9-48a7-a068-afa1011c45f2.jpg?1593092105,钩嘴哈痞,鉤嘴哈痞,Harpie grièche,Würgerharpyie,Arpia Avèrla,モズのハーピー,때까치 하피,Harpia Picanço,Гарпия-Сорокопут,Arpía impía
Spiteful Returned,"Spiteful Returned	{1}{B}
Enchantment Creature — Zombie
Bestow {3}{B} (If you cast this card for its bestow cost, it's an Aura spell with enchant creature. It becomes a creature again if it's not attached.)
Whenever this creature or enchanted creature attacks, defending player loses 2 life.
Enchanted creature gets +1/+1.
1/1
",https://scryfall.com/card/bng/84/spiteful-returned,https://cards.scryfall.io/large/front/0/1/017e8cfb-7cb0-403c-b8be-abee22369661.jpg?1593092115,怨毒转世者,怨毒轉世者,Reparu malveillant,Gehässiger Wiedergekehrter,Risvegliato Astioso,悪意に満ちた蘇りし者,악독한 망자,Ressurgido Malévolo,Злобный Возвращенный,Resurgido malévolo
Warchanter of Mogis,"Warchanter of Mogis	{3}{B}{B}
Creature — Minotaur Shaman
Inspired — Whenever this creature becomes untapped, target creature you control gains intimidate until end of turn. (A creature with intimidate can't be blocked except by artifact creatures and/or creatures that share a color with it.)
3/3
",https://scryfall.com/card/bng/85/warchanter-of-mogis,https://cards.scryfall.io/large/front/7/5/757948b3-8cb2-4709-9bbf-031c2bf6d4c5.jpg?1593092126,墨癸斯的战颂师,墨癸斯的戰頌師,Chantre de guerre de Mogis,Kriegsrufer des Mogis,Cantore di Guerra di Mogis,モーギスの戦詠唱者,함성의 모기스 주술사,Cantador de Guerra de Mogis,Певец Войны Могия,Brujosalvaje de Mogis
Weight of the Underworld,"Weight of the Underworld	{3}{B}
Enchantment — Aura
Enchant creature
Enchanted creature gets -3/-2.

",https://scryfall.com/card/bng/86/weight-of-the-underworld,https://cards.scryfall.io/large/front/e/2/e2f31943-e26c-4bd2-bdbd-d980836f99b9.jpg?1562046627,冥界重荷,冥界重荷,Fardeau du Monde souterrain,Last der Unterwelt,Peso dell'Ade,死の国の重み,저승의 무게,Peso do Submundo,Тяжесть Подземного Царства,El peso del Inframundo
Akroan Conscriptor,"Akroan Conscriptor	{4}{R}
Creature — Human Shaman
Heroic — Whenever you cast a spell that targets this creature, gain control of another target creature until end of turn. Untap that creature. It gains haste until end of turn.
3/2
",https://scryfall.com/card/bng/87/akroan-conscriptor,https://cards.scryfall.io/large/front/d/e/decb529f-44fd-409d-932f-be9c403f12f6.jpg?1593092147,阿喀洛斯征兵员,阿喀洛斯徵兵員,Enrôleur akroen,Akroischer Rekrutierer,Arruolatore di Akros,アクロスの徴兵人,아크로스 징집관,Alistador Acrosano,Акросский Рекрутер,Reclutador akroniense
Archetype of Aggression,"Archetype of Aggression	{1}{R}{R}
Enchantment Creature — Human Warrior
Creatures you control have trample.
Creatures your opponents control lose trample and can't have or gain trample.
3/2
",https://scryfall.com/card/bng/88/archetype-of-aggression,https://cards.scryfall.io/large/front/1/3/13946413-c76d-41a8-a699-404fd56b2067.jpg?1593092162,侵略典范,侵略典範,Archétype de l'agressivité,Sinnbild der Aggression,Archetipo dell'Aggressione,攻撃の元型,공격성의 표상,Arquétipo da Agressão,Образец Агрессии,Prototipo de agresión
Bolt of Keranos,"Bolt of Keranos	{1}{R}{R}
Sorcery
Bolt of Keranos deals 3 damage to any target. Scry 1. (Look at the top card of your library. You may put that card on the bottom.)

",https://scryfall.com/card/bng/89/bolt-of-keranos,https://cards.scryfall.io/large/front/4/d/4df70b14-5d67-4a92-aaba-72480c621d10.jpg?1593092169,刻拉诺斯的电击,刻拉諾斯的電擊,Éclair de Kéranos,Blitz des Keranos,Fulmine di Keranos,ケラノスの稲妻,케레노스의 벼락,Raio de Queranos,Разряд Керана,Rayo de Keranos
Cyclops of One-Eyed Pass,"Cyclops of One-Eyed Pass	{2}{R}{R}
Creature — Cyclops

5/2
",https://scryfall.com/card/bng/90/cyclops-of-one-eyed-pass,https://cards.scryfall.io/large/front/7/1/71a25c69-8e57-4a44-955a-da1541bbe0fe.jpg?1593860905,独目峡独眼巨人,獨目峽獨眼巨人,Cyclope du Col Borgne,Zyklop vom Einaugenpass,Ciclope di Passo Guercio,一つ目峠のサイクロプス,애꾸눈 통로의 키클롭스,Ciclope da Passagem Caolha,Циклоп Одноглазого Перевала,Cíclopes del Desfiladero Tuerto
Epiphany Storm,"Epiphany Storm	{R}
Enchantment — Aura
Enchant creature
Enchanted creature has ""{R}, {T}, Discard a card: Draw a card.""

",https://scryfall.com/card/bng/91/epiphany-storm,https://cards.scryfall.io/large/front/d/d/dd3a0128-4499-498d-9721-b1fd70ea84b4.jpg?1593092184,灵愿齐现,靈願齊現,Orage révélateur,Sturm der Eingebung,Tempesta della Rivelazione,天啓の嵐,폭풍치는 계시,Tempestade de Epifanias,Буря Прозрения,Tormenta epifánica
Everflame Eidolon,"Everflame Eidolon	{1}{R}
Enchantment Creature — Spirit
Bestow {2}{R} (If you cast this card for its bestow cost, it's an Aura spell with enchant creature. It becomes a creature again if it's not attached.)
{R}: This creature gets +1/+0 until end of turn. If it's an Aura, enchanted creature gets +1/+0 until end of turn instead.
Enchanted creature gets +1/+1.
1/1
",https://scryfall.com/card/bng/92/everflame-eidolon,https://cards.scryfall.io/large/front/a/0/a018d5ea-5229-40ca-b7c5-31d3e8ebb894.jpg?1593092193,永火幻灵,永火幻靈,Eidôlon de la flamme éternelle,Eidolon der ewigen Flamme,Apparizione della Fiamma Eterna,常炎の幻霊,영원한 불꽃의 에이돌론,Eidolon Chama Eterna,Эйдолон Вечного Пламени,Eidolón llama eterna
Fall of the Hammer,"Fall of the Hammer	{1}{R}
Instant
Target creature you control deals damage equal to its power to another target creature.

",https://scryfall.com/card/bng/93/fall-of-the-hammer,https://cards.scryfall.io/large/front/6/b/6b40108a-c9b6-4364-9d5a-c87a9cc4e94b.jpg?1562274137,天降锤击,天降錘擊,Verdict du marteau,Hammerschlag,Schianto del Martello,槌の一撃,망치 강타,Queda do Martelo,Удар Молота,Caída del martillo
Fated Conflagration,"Fated Conflagration	{1}{R}{R}{R}
Instant
Fated Conflagration deals 5 damage to target creature or planeswalker. If it's your turn, scry 2.

",https://scryfall.com/card/bng/94/fated-conflagration,https://cards.scryfall.io/large/front/6/6/66ea1aeb-bd42-4960-b40f-e7c2fd1efb5c.jpg?1593092210,命定烈焰,命定烈焰,Conflagration annoncée,Schicksalhafte Feuersbrunst,Conflagrazione Fatidica,宿命的火災,운명적 화재,Conflagração Predestinada,Предначертанный Пожар,Quema nefasta
Fearsome Temper,"Fearsome Temper	{2}{R}
Enchantment — Aura
Enchant creature
Enchanted creature gets +2/+2 and has ""{2}{R}: Target creature can't block this creature this turn.""

",https://scryfall.com/card/bng/95/fearsome-temper,https://cards.scryfall.io/large/front/c/6/c6e7884c-2d66-42d1-87d1-1341a6fa52d8.jpg?1593092219,可怖怒气,可怖怒氣,Tempérament effroyable,Furchterregendes Temperament,Indole Terrificante,恐るべき気質,불같은 성질,Temperamento Medonho,Устрашающий Нрав,Carácter aterrador
Felhide Spiritbinder,"Felhide Spiritbinder	{3}{R}
Creature — Minotaur Shaman
Inspired — Whenever this creature becomes untapped, you may pay {1}{R}. If you do, create a token that's a copy of another target creature, except it's an enchantment in addition to its other types. It gains haste. Exile it at the beginning of the next end step.
3/4
",https://scryfall.com/card/bng/96/felhide-spiritbinder,https://cards.scryfall.io/large/front/b/b/bbbbe4ce-d6a6-428d-aeee-1c316f358777.jpg?1593092229,惊怖通灵师,驚怖通靈師,Entrave-esprit Fangepeau,Schauderbalg-Seelenbinder,Vincolaspiriti Velloirsuto,悪魔の皮の魂結び,썩은가죽 영혼속박자,Vinculador de Espíritos Courovil,Скверношкурый Связыватель Душ,Clonaespíritus pielacre
Flame-Wreathed Phoenix,"Flame-Wreathed Phoenix	{2}{R}{R}
Creature — Phoenix
Flying
Tribute 2 (As this creature enters, an opponent of your choice may put two +1/+1 counters on it.)
When this creature enters, if tribute wasn't paid, it gains haste and ""When this creature dies, return it to its owner's hand.""
3/3
",https://scryfall.com/card/bng/97/flame-wreathed-phoenix,https://cards.scryfall.io/large/front/a/3/a36bca58-e92f-4496-92d6-5ecba7a0424d.jpg?1593092239,覆火凤凰,覆火鳳凰,Phénix nimbé de flammes,Flammenumhüllter Phoenix,Fenice della Spirale Infuocata,炎輪のフェニックス,화염갈기 불사조,Fênix do Manto Flamejante,Охваченный Пламенем Феникс,Fénix envuelto en llamas
Forgestoker Dragon,"Forgestoker Dragon	{4}{R}{R}
Creature — Dragon
Flying
{1}{R}: This creature deals 1 damage to target creature. That creature can't block this combat. Activate only if this creature is attacking.
5/4
",https://scryfall.com/card/bng/98/forgestoker-dragon,https://cards.scryfall.io/large/front/4/f/4fd44170-ded7-4895-8950-bfa9d19e471d.jpg?1593092247,锻焰巨龙,鍛焰巨龍,Dragon souffleforge,Flammenschürer-Drache,Drago Attizzaforgia,炉焚きのドラゴン,불바다 용,Dragão Atiça-forja,Дракон Пылающего Горнила,Dragón atizalumbre
Impetuous Sunchaser,"Impetuous Sunchaser	{1}{R}
Creature — Human Soldier
Flying, haste
This creature attacks each combat if able.
1/1
",https://scryfall.com/card/bng/99/impetuous-sunchaser,https://cards.scryfall.io/large/front/e/6/e6d4c13b-95ef-49df-b349-26e0fec109ad.jpg?1593092255,急切逐日者,急切逐日者,Chassesoleil impétueux,Ungestümer Sonnenjäger,Cacciasole Impulsivo,性急な太陽追い,성질 급한 태양추종자,Perseguidor do Sol Impetuoso,Страстно Стремящийся к Солнцу,Cazador solar impetuoso
Kragma Butcher,"Kragma Butcher	{2}{R}
Creature — Minotaur Warrior
Inspired — Whenever this creature becomes untapped, it gets +2/+0 until end of turn.
2/3
",https://scryfall.com/card/bng/100/kragma-butcher,https://cards.scryfall.io/large/front/5/6/56d1dcab-7e46-4ff1-91f6-77352ef0cd90.jpg?1593092263,夸格玛屠夫,夸格瑪屠夫,Boucher de Kragma,Kragma-Schlächter,Macellaio di Kragma,クラグマの解体者,크라그마 도살자,Carniceiro de Cragma,Мясник из Крагмы,Carnicero de Kragma
Lightning Volley,"Lightning Volley	{3}{R}
Instant
Until end of turn, creatures you control gain ""{T}: This creature deals 1 damage to any target.""

",https://scryfall.com/card/bng/101/lightning-volley,https://cards.scryfall.io/large/front/b/2/b2af8746-033d-4a8a-b62d-ab5addb33d4d.jpg?1593092270,闪电齐击,閃電齊擊,Volée d'éclairs,Blitzsalve,Raffica di Fulmini,稲妻の流弾,일제 번개,Saraivada de Raios,Залп Молний,Descarga relampagueante
Nyxborn Rollicker,"Nyxborn Rollicker	{R}
Enchantment Creature — Satyr
Bestow {1}{R} (If you cast this card for its bestow cost, it's an Aura spell with enchant creature. It becomes a creature again if it's not attached.)
Enchanted creature gets +1/+1.
1/1
",https://scryfall.com/card/bng/102/nyxborn-rollicker,https://cards.scryfall.io/large/front/b/2/b2081bf0-09f5-4c95-b4cc-48a8784294d4.jpg?1593092278,天裔狂徒,天裔狂徒,Ripailleur né de Nyx,Nyxgeborener Tober,Festante Nyxiano,ニクス生まれのお調子者,닉스에서 태어난 분탕꾼,Desordeiro Nyxnato,Кутила из Никса,Retozante nativo de Nyx
Oracle of Bones,"Oracle of Bones	{2}{R}{R}
Creature — Minotaur Shaman
Haste
Tribute 2 (As this creature enters, an opponent of your choice may put two +1/+1 counters on it.)
When this creature enters, if tribute wasn't paid, you may cast an instant or sorcery spell from your hand without paying its mana cost.
3/1
",https://scryfall.com/card/bng/103/oracle-of-bones,https://cards.scryfall.io/large/front/d/d/ddb1931e-c282-47a7-9382-608de6ec8efa.jpg?1593092303,头骨先知,頭骨先知,Oracle des ossements,Schädelorakel,Indovino delle Ossa,骨の神託者,뼈 예언자,Oráculo dos Ossos,Оракул Костей,Oráculo óseo
Pharagax Giant,"Pharagax Giant	{4}{R}
Creature — Giant
Tribute 2 (As this creature enters, an opponent of your choice may put two +1/+1 counters on it.)
When this creature enters, if tribute wasn't paid, this creature deals 5 damage to each opponent.
3/3
",https://scryfall.com/card/bng/104/pharagax-giant,https://cards.scryfall.io/large/front/9/e/9eef1b9b-58f1-40af-a7c2-06cdaf1ec974.jpg?1593092311,法拉伽斯巨人,法拉伽斯巨人,Géant de Pharagax,Pharagax-Riese,Gigante di Faragax,ファラガックスの巨人,파라각스 거인,Gigante de Faragax,Гигант из Фарагакса,Gigante de Faragax
Pinnacle of Rage,"Pinnacle of Rage	{4}{R}{R}
Sorcery
Pinnacle of Rage deals 3 damage to each of two targets.

",https://scryfall.com/card/bng/105/pinnacle-of-rage,https://cards.scryfall.io/large/front/b/2/b26ff2fa-82de-4831-9341-a446abf9ed03.jpg?1593092319,怒火天顶,怒火天頂,Pinacle de rage,Gipfel der Wut,Culmine della Furia,憤怒の頂点,분노의 절정,Cume da Ira,Апофеоз Ярости,Pináculo colérico
Reckless Reveler,"Reckless Reveler	{1}{R}
Creature — Satyr
{R}, Sacrifice this creature: Destroy target artifact.
2/1
",https://scryfall.com/card/bng/106/reckless-reveler,https://cards.scryfall.io/large/front/c/f/cf7f2954-65f6-4944-ae68-8992cb0268f4.jpg?1562936706,鲁莽狂欢人,魯莽狂歡人,Fêtard téméraire,Rücksichtsloser Hedonist,Dissoluto Imprudente,無謀な歓楽者,충동적인 난봉꾼,Orgíaco Imprudente,Беспечный Гуляка,Juerguista temerario
Rise to the Challenge,"Rise to the Challenge	{1}{R}
Instant
Target creature gets +2/+0 and gains first strike until end of turn.

",https://scryfall.com/card/bng/107/rise-to-the-challenge,https://cards.scryfall.io/large/front/c/6/c656ad1b-e85b-4b0c-b538-506afe4a9da5.jpg?1593092334,勇迎挑战,勇迎挑戰,Relever le défi,Die Herausforderung annehmen,All'Altezza della Sfida,難題への挑戦,도전 정신,Aceitar o Desafio,Ответ на Вызов,Superar el desafío
Satyr Firedancer,"Satyr Firedancer	{1}{R}
Enchantment Creature — Satyr
Whenever an instant or sorcery spell you control deals damage to an opponent, this creature deals that much damage to target creature that player controls.
1/1
",https://scryfall.com/card/bng/108/satyr-firedancer,https://cards.scryfall.io/large/front/7/f/7fc6a735-cbf5-4af2-b15c-7ced82f0d9da.jpg?1593092344,舞火羊蹄人,舞火羊蹄人,Satyre dansefeu,Satyr-Feuertänzer,Satiro Danzafuoco,サテュロスの火踊り,사티로스 불춤꾼,Sátiro Dançarino do Fogo,Пляшущий с Огнем Сатир,Sátiro bailarín ígneo
Satyr Nyx-Smith,"Satyr Nyx-Smith	{2}{R}
Creature — Satyr Shaman
Haste
Inspired — Whenever this creature becomes untapped, you may pay {2}{R}. If you do, create a 3/1 red Elemental enchantment creature token with haste.
2/1
",https://scryfall.com/card/bng/109/satyr-nyx-smith,https://cards.scryfall.io/large/front/3/b/3bc2c65e-3cba-4813-9949-87e15f592247.jpg?1593092351,铸灵羊蹄人,鑄靈羊蹄人,Forge-Nyx satyre,Satyr-Nyxschmied,Satiro Forgiatore di Nyx,サテュロスのニクス鍛冶,사티로스 닉스세공사,Sátiro Ferreiro de Nyx,"Сатир, Кузнец Никса",Sátiro forjador de Nyx
Scouring Sands,"Scouring Sands	{1}{R}
Sorcery
Scouring Sands deals 1 damage to each creature your opponents control. Scry 1. (Look at the top card of your library. You may put that card on the bottom.)

",https://scryfall.com/card/bng/110/scouring-sands,https://cards.scryfall.io/large/front/2/7/273f25fc-9c9f-4b73-a28b-1461d8fcd443.jpg?1593092358,砂暴扫荡,砂暴掃蕩,Sables purificateurs,Fegesande,Sabbie Corrosive,洗い流す砂,긁어내는 모래,Areias de Lavagem,Шершавые Пески,Arena devastadora
Searing Blood,"Searing Blood	{R}{R}
Instant
Searing Blood deals 2 damage to target creature. When that creature dies this turn, Searing Blood deals 3 damage to the creature's controller.

",https://scryfall.com/card/bng/111/searing-blood,https://cards.scryfall.io/large/front/b/b/bb43fd07-d281-447d-88bf-c53498c2cf20.jpg?1593092367,炙热鲜血,炙熱鮮血,Sang calcinant,Sengendes Blut,Sangue Rovente,灼熱の血,불타는 피,Sangue Abrasador,Обжигающая Кровь,Sangre flamígera
Stormcaller of Keranos,"Stormcaller of Keranos	{2}{R}
Creature — Human Shaman
Haste
{1}{U}: Scry 1. (Look at the top card of your library. You may put that card on the bottom.)
2/2
",https://scryfall.com/card/bng/112/stormcaller-of-keranos,https://cards.scryfall.io/large/front/d/3/d397bdc3-a866-45be-8740-185d9ccf29c4.jpg?1593092376,刻拉诺斯的唤岚师,刻拉諾斯的喚嵐師,Meneuse d'orage de Kéranos,Sturmruferin des Keranos,Evocatempeste di Keranos,ケラノスの嵐呼び,케레노스의 폭풍술사,Evocador de Tempestades de Queranos,Призывательница Бурь Керана,Atraetormentas de Keranos
Thunder Brute,"Thunder Brute	{4}{R}{R}
Creature — Cyclops
Trample
Tribute 3 (As this creature enters, an opponent of your choice may put three +1/+1 counters on it.)
When this creature enters, if tribute wasn't paid, it gains haste until end of turn.
5/5
",https://scryfall.com/card/bng/113/thunder-brute,https://cards.scryfall.io/large/front/c/2/c28fa4f8-4b87-41dc-802d-dfd160ccf1a8.jpg?1593092387,雷鸣蛮汉,雷鳴蠻漢,Brute du tonnerre,Donner-Rohling,Bruto della Folgore,雷の粗暴者,천둥 싸움꾼,Bruto do Trovão,Громовой Амбал,Bruto centelleante
Thunderous Might,"Thunderous Might	{1}{R}
Enchantment — Aura
Enchant creature
Whenever enchanted creature attacks, it gets +X/+0 until end of turn, where X is your devotion to red. (Each {R} in the mana costs of permanents you control counts toward your devotion to red.)

",https://scryfall.com/card/bng/114/thunderous-might,https://cards.scryfall.io/large/front/d/3/d361851d-e2d4-4912-ba08-81913f6b6e08.jpg?1593092394,雷霆之力,雷霆之力,Puissance tonitruante,Donnernde Macht,Potenza Tonante,雷撃の威力,천둥의 힘,Força Trovejante,Громовая Мощь,Poderío ensordecedor
Whims of the Fates,"Whims of the Fates	{5}{R}
Sorcery
Starting with you, each player separates all permanents they control into three piles. Then each player chooses one of their piles at random and sacrifices those permanents. (Piles can be empty.)

",https://scryfall.com/card/bng/115/whims-of-the-fates,https://cards.scryfall.io/large/front/a/e/aeb8d3fc-99e4-49dd-b1f1-bb479b361743.jpg?1562415056,命运无常,命運無常,Caprices des Moires,Launen des Schicksals,Capricci delle Moire,運命の気まぐれ,변덕스러운 운명,Caprichos dos Destinos,Капризы Судьбы,Caprichos de las Moiras
Archetype of Endurance,"Archetype of Endurance	{6}{G}{G}
Enchantment Creature — Boar
Creatures you control have hexproof.
Creatures your opponents control lose hexproof and can't have or gain hexproof.
6/5
",https://scryfall.com/card/bng/116/archetype-of-endurance,https://cards.scryfall.io/large/front/3/1/3145ca68-7a9d-4161-9456-518591251b56.jpg?1593092414,坚存典范,堅存典範,Archétype de l'endurance,Sinnbild der Zähigkeit,Archetipo della Resistenza,忍耐の元型,지구력의 표상,Arquétipo da Resistência,Образец Выносливости,Prototipo de resistencia
Aspect of Hydra,"Aspect of Hydra	{G}
Instant
Target creature gets +X/+X until end of turn, where X is your devotion to green. (Each {G} in the mana costs of permanents you control counts toward your devotion to green.)

",https://scryfall.com/card/bng/117/aspect-of-hydra,https://cards.scryfall.io/large/front/1/9/19353629-07be-47e2-a7d5-3a5e5e1120c8.jpg?1593092421,多头龙外貌,多頭龍外貌,Aspect de l'hydre,Hydrablut,Sembianze dell'Idra,ハイドラの血,히드라의 상,Aspecto de Hidra,Облик Гидры,Aspecto de hidra
Charging Badger,"Charging Badger	{G}
Creature — Badger
Trample
1/1
",https://scryfall.com/card/bng/118/charging-badger,https://cards.scryfall.io/large/front/5/d/5d88ad54-43fc-45e0-8e00-db6be0c021ea.jpg?1593092429,冲锋獾,衝鋒獾,Blaireau chargeur,Angriffslustiger Dachs,Tasso alla Carica,突進するアナグマ,돌진하는 오소리,Texugo Atacante,Нападающий Барсук,Tejón a la carga
Courser of Kruphix,"Courser of Kruphix	{1}{G}{G}
Enchantment Creature — Centaur
Play with the top card of your library revealed.
You may play lands from the top of your library.
Landfall — Whenever a land you control enters, you gain 1 life.
2/4
",https://scryfall.com/card/bng/119/courser-of-kruphix,https://cards.scryfall.io/large/front/d/c/dc63d2ea-a980-466e-9ebb-f28008f84c3d.jpg?1690004764,克罗芬斯的骏马,克羅芬斯的駿馬,Coursière de Kruphix,Rennerin des Kruphix,Corsiera di Krufix,クルフィックスの狩猟者,크루픽스의 군마,Centaura-caçadora de Crufix,Резвая Бегунья Круфикса,Cazadora de Krufix
Culling Mark,"Culling Mark	{2}{G}
Sorcery
Target creature blocks this turn if able.

",https://scryfall.com/card/bng/120/culling-mark,https://cards.scryfall.io/large/front/d/4/d4c45eda-9f00-4b40-b91d-0ed00151923c.jpg?1593092447,牲祭印记,牲祭印記,Marque du sacrifice,Mal des Ausmerzens,Preda da Abbattere,選別の印,선별의 표식,Marca de Abate,Отметка Выбраковки,Marca del sacrificio
Fated Intervention,"Fated Intervention	{2}{G}{G}{G}
Instant
Create two 3/3 green Centaur enchantment creature tokens. If it's your turn, scry 2.

",https://scryfall.com/card/bng/121/fated-intervention,https://cards.scryfall.io/large/front/6/2/622e1afc-0d06-4c01-abef-3b3e93bd21c3.jpg?1593092457,命定干预,命定干預,Intervention annoncée,Schicksalhaftes Eingreifen,Intervento Fatidico,宿命的介入,운명적 개입,Intervenção Predestinada,Предначертанное Вмешательство,Intervención nefasta
Graverobber Spider,"Graverobber Spider	{3}{G}
Creature — Spider
Reach
{3}{B}: This creature gets +X/+X until end of turn, where X is the number of creature cards in your graveyard. Activate only once each turn.
2/4
",https://scryfall.com/card/bng/122/graverobber-spider,https://cards.scryfall.io/large/front/4/1/41810472-ba24-44b6-886c-f8906ff0a7df.jpg?1593092470,盗墓蜘蛛,盜墓蜘蛛,Araignée pilleuse de tombes,Grabräuberspinne,Ragno Profanatombe,墓荒らし蜘蛛,도굴꾼 거미,Aranha Rouba-túmulo,"Паук, Расхититель Могил",Araña robatumbas
Hero of Leina Tower,"Hero of Leina Tower	{G}
Creature — Human Warrior
Heroic — Whenever you cast a spell that targets this creature, you may pay {X}. If you do, put X +1/+1 counters on this creature.
1/1
",https://scryfall.com/card/bng/123/hero-of-leina-tower,https://cards.scryfall.io/large/front/9/3/93f3f0ce-e8f5-4020-b8db-23a6aa7f7cb5.jpg?1547517614,莱纳塔英雄,萊納塔英雄,Héroïne de la Tour de Leina,Heldin des Leina-Turms,Eroina di Torre Leina,レイナ塔の英雄,레이나 탑의 영웅,Herói da Torre de Leina,Героиня Лейнской Башни,Heroína de la torre Leina
Hunter's Prowess,"Hunter's Prowess	{4}{G}
Sorcery
Until end of turn, target creature gets +3/+3 and gains trample and ""Whenever this creature deals combat damage to a player, draw that many cards.""

",https://scryfall.com/card/bng/124/hunters-prowess,https://cards.scryfall.io/large/front/6/4/64e0f9db-fd82-44d0-9d98-12275e2f05e8.jpg?1562610800,猎手美技,獵手美技,Prouesse du chasseur,Tapferkeit des Jägers,Prodezza della Cacciatrice,狩人の勇気,사냥꾼의 기량,Maestria do Caçador,Доблесть Охотника,Destreza del cazador
Karametra's Favor,"Karametra's Favor	{1}{G}
Enchantment — Aura
Enchant creature
When this Aura enters, draw a card.
Enchanted creature has ""{T}: Add one mana of any color.""

",https://scryfall.com/card/bng/125/karametras-favor,https://cards.scryfall.io/large/front/7/7/77026cf6-7e89-41a6-8279-de1068569a02.jpg?1562918868,卡拉美特拉的眷顾,卡拉美特拉的眷顧,Faveur selon Karametra,Gunst der Karametra,Protezione di Karametra,ケイラメトラの好意,카라메트라의 은혜,Proteção de Carametra,Покровительство Караметры,Favor de Karametra
Mischief and Mayhem,"Mischief and Mayhem	{4}{G}
Sorcery
Up to two target creatures each get +4/+4 until end of turn.

",https://scryfall.com/card/bng/126/mischief-and-mayhem,https://cards.scryfall.io/large/front/9/d/9daa44b4-5c30-41d8-b4d6-6219c5729a5f.jpg?1593092504,胡闹破坏,胡鬧破壞,Malice et confusion,Aufruhr und Chaos,Caos e Distruzione,悪戯と騒乱,장난스러운 아수라장,Travessuras e Caos,Хулиганство и Хаос,Travesuras y maldades
Mortal's Resolve,"Mortal's Resolve	{1}{G}
Instant
Target creature gets +1/+1 and gains indestructible until end of turn. (Damage and effects that say ""destroy"" don't destroy it.)

",https://scryfall.com/card/bng/127/mortals-resolve,https://cards.scryfall.io/large/front/1/3/131a96b4-393d-4e8e-9b6a-f15f3804febb.jpg?1593092513,凡人的决心,凡人的決心,Résolution des mortels,Entschlossenheit der Sterblichen,Determinazione dei Mortali,定命の者の決意,필멸자의 결의,Determinação dos Mortais,Решимость Смертного,Determinación del mortal
Nessian Demolok,"Nessian Demolok	{3}{G}{G}
Creature — Beast
Tribute 3 (As this creature enters, an opponent of your choice may put three +1/+1 counters on it.)
When this creature enters, if tribute wasn't paid, destroy target noncreature permanent.
3/3
",https://scryfall.com/card/bng/128/nessian-demolok,https://cards.scryfall.io/large/front/e/e/ee0683b2-8bc2-4c6a-964e-b909693b68c1.jpg?1593092523,奈西安迪默洛兽,奈西安迪默洛獸,Démolok nessian,Nessischer Dämolok,Demolok Nessian,ネシアンのデモロク,네시안 데몰록,Demolok Nessiano,Нессийский Демолок,Demolok nessiano
Nessian Wilds Ravager,"Nessian Wilds Ravager	{4}{G}{G}
Creature — Hydra
Tribute 6 (As this creature enters, an opponent of your choice may put six +1/+1 counters on it.)
When this creature enters, if tribute wasn't paid, you may have this creature fight another target creature. (Each deals damage equal to its power to the other.)
6/6
",https://scryfall.com/card/bng/129/nessian-wilds-ravager,https://cards.scryfall.io/large/front/6/5/65368cf0-7d92-4248-b930-633fd023065b.jpg?1593092537,奈西安荒野噬怪,奈西安荒野噬怪,Dévastateur des terres nessiannes,Nessischer Wildnisverwüster,Devastatrice delle Terre Selvagge Nessian,ネシアン未開地の荒廃者,네시안 야생 유린자,Devastador das Selvas Nessianas,Нессийская Опустошительница,Devastadora salvaje nessiana
Noble Quarry,"Noble Quarry	{2}{G}
Enchantment Creature — Unicorn
Bestow {5}{G} (If you cast this card for its bestow cost, it's an Aura spell with enchant creature. It becomes a creature again if it's not attached.)
All creatures able to block this creature or enchanted creature do so.
Enchanted creature gets +1/+1.
1/1
",https://scryfall.com/card/bng/130/noble-quarry,https://cards.scryfall.io/large/front/d/5/d5fd4994-afce-496b-8682-0fee208e68ec.jpg?1562710178,尊贵猎物,尊貴獵物,Noble proie,Edles Beutetier,Nobile Preda,気高き獲物,고귀한 사냥감,Presa Nobre,Благородная Добыча,Presa noble
Nyxborn Wolf,"Nyxborn Wolf	{2}{G}
Enchantment Creature — Wolf
Bestow {4}{G} (If you cast this card for its bestow cost, it's an Aura spell with enchant creature. It becomes a creature again if it's not attached.)
Enchanted creature gets +3/+1.
3/1
",https://scryfall.com/card/bng/131/nyxborn-wolf,https://cards.scryfall.io/large/front/9/1/91a78895-5e09-46a5-8a74-a07f0befc4e5.jpg?1593092568,天裔狼,天裔狼,Louve née de Nyx,Nyxgeborene Wölfin,Lupa Nyxiana,ニクス生まれの狼,닉스에서 태어난 늑대,Lobo Nyxnato,Волк из Никса,Loba nativa de Nyx
Peregrination,"Peregrination	{3}{G}
Sorcery
Search your library for up to two basic land cards, reveal those cards, and put one onto the battlefield tapped and the other into your hand. Shuffle, then scry 1. (Look at the top card of your library. You may put that card on the bottom.)

",https://scryfall.com/card/bng/132/peregrination,https://cards.scryfall.io/large/front/0/3/03835e3e-9fd1-47c7-86a5-a5481420f2d3.jpg?1593092579,游历,遊歷,Pérégrinations,Wanderschaft,Peregrinazione,流浪,머나먼 여행길,Romaria,Странствие,Peregrinación
Pheres-Band Raiders,"Pheres-Band Raiders	{5}{G}
Creature — Centaur Warrior
Inspired — Whenever this creature becomes untapped, you may pay {2}{G}. If you do, create a 3/3 green Centaur enchantment creature token.
5/5
",https://scryfall.com/card/bng/133/pheres-band-raiders,https://cards.scryfall.io/large/front/8/0/80856020-f569-4d73-8c44-7b48535a69e8.jpg?1593092589,斐力兹族突击队,斐力茲族突擊隊,Pillards du clan Phérès,Plünderer der Pheres-Herde,Razziatori della Banda Feres,フィーリーズ団の略奪者,피레스 무리 약탈자들,Salteadores do Bando Feres,Налетчики Племени Ферий,Incursores del clan Feres
Pheres-Band Tromper,"Pheres-Band Tromper	{3}{G}
Creature — Centaur Warrior
Inspired — Whenever this creature becomes untapped, put a +1/+1 counter on it.
3/3
",https://scryfall.com/card/bng/134/pheres-band-tromper,https://cards.scryfall.io/large/front/a/2/a2d7e7d1-70ee-450b-8018-ff373cc91c68.jpg?1593092598,斐力兹族重跺者,斐力茲族重跺者,Piaffeur du clan Phérès,Trampler der Pheres-Herde,Battitore della Banda Feres,フィーリーズ団の精鋭兵,피레스무리 발굽병,Trompador do Bando Feres,Скакун из Племени Ферий,Arrollador del clan Feres
Raised by Wolves,"Raised by Wolves	{3}{G}{G}
Enchantment — Aura
Enchant creature
When this Aura enters, create two 2/2 green Wolf creature tokens.
Enchanted creature gets +1/+1 for each Wolf you control.

",https://scryfall.com/card/bng/135/raised-by-wolves,https://cards.scryfall.io/large/front/b/c/bcfaace7-86e2-427e-97b1-b09dfdd30fee.jpg?1593092609,出身狼群,出身狼群,Élevé par les loups,Von Wölfen aufgezogen,Allevato dai Lupi,狼育ち,늑대의 양육,Criado por Lobos,Волчье Воспитание,Criado por los lobos
Satyr Wayfinder,"Satyr Wayfinder	{1}{G}
Creature — Satyr
When this creature enters, reveal the top four cards of your library. You may put a land card from among them into your hand. Put the rest into your graveyard.
1/1
",https://scryfall.com/card/bng/136/satyr-wayfinder,https://cards.scryfall.io/large/front/8/b/8bbbe65d-7162-42fb-94ee-d835d6c3f02a.jpg?1752944879,引路羊蹄人,引路羊蹄人,Guidevoie satyre,Satyr-Pfadfinder,Satiro Apripista,サテュロスの道探し,사티로스 길잡이,Sátiro Trilheiro,Сатир-Проводник,Sátiro buscacaminos
Scourge of Skola Vale,"Scourge of Skola Vale	{2}{G}
Creature — Hydra
Trample
This creature enters with two +1/+1 counters on it.
{T}, Sacrifice another creature: Put a number of +1/+1 counters on this creature equal to the sacrificed creature's toughness.
0/0
",https://scryfall.com/card/bng/137/scourge-of-skola-vale,https://cards.scryfall.io/large/front/b/a/baef76dc-7cef-449b-b8a7-e038887129d9.jpg?1593092636,斯科拉河谷祸害,斯科拉河谷禍害,Plaie du Val de Skola,Geißel des Skola-Tals,Flagello di Valle Skola,スコラ谷の災い,스콜라 계곡의 재앙,Flagelo do Vale de Skola,Бич Долины Скола,Azote del valle Skola
Setessan Oathsworn,"Setessan Oathsworn	{1}{G}{G}
Creature — Satyr Warrior
Heroic — Whenever you cast a spell that targets this creature, put two +1/+1 counters on this creature.
1/1
",https://scryfall.com/card/bng/138/setessan-oathsworn,https://cards.scryfall.io/large/front/e/5/e5579755-4718-406a-bba6-27f1f2811e59.jpg?1593092648,瑟特萨盟誓人,瑟特薩盟誓人,Assermenté setessien,Eidgebundener Setesser,Giurato di Setessa,セテッサの誓約者,세테사 서약자,Jurado Setessano,Сетесский Поклявшийся,Setessano jurado
Setessan Starbreaker,"Setessan Starbreaker	{3}{G}
Creature — Human Warrior
When this creature enters, you may destroy target Aura.
2/1
",https://scryfall.com/card/bng/139/setessan-starbreaker,https://cards.scryfall.io/large/front/0/3/03af8b3b-a897-43e2-a87d-833da93edc41.jpg?1593092657,瑟特萨殒星客,瑟特薩殞星客,Brise-étoile setessienne,Setessische Sternenbrecherin,Astricida di Setessa,セテッサの星砕き,별을 부수는 세테사 전사,Astroterminador Setessano,Сетесская Гасительница Звезд,Destructora estelar setessana
Skyreaping,"Skyreaping	{1}{G}
Sorcery
Skyreaping deals damage to each creature with flying equal to your devotion to green. (Each {G} in the mana costs of permanents you control counts toward your devotion to green.)

",https://scryfall.com/card/bng/140/skyreaping,https://cards.scryfall.io/large/front/4/0/40eb76b3-b527-4ed8-8ce3-d3de48562b6e.jpg?1593092666,刈空扫击,刈空掃擊,Faucheciel,Himmelstilgung,Mieticielo,空掃き,하늘 쓸기,Limpeza Aérea,Небесная Жатва,Cosecha del firmamento
Snake of the Golden Grove,"Snake of the Golden Grove	{4}{G}
Creature — Snake
Tribute 3 (As this creature enters, an opponent of your choice may put three +1/+1 counters on it.)
When this creature enters, if tribute wasn't paid, you gain 4 life.
4/4
",https://scryfall.com/card/bng/141/snake-of-the-golden-grove,https://cards.scryfall.io/large/front/0/8/08b10bd7-3f8b-426f-acdf-5a9559b9bc7d.jpg?1593092675,金森巨蚺,金森巨蚺,Serpent du Bosquet d'Or,Schlange des Goldenen Hains,Serpente di Bosco Dorato,黄金の木立ちの蛇,황금 수풀의 뱀,Serpente do Bosque Dourado,Змея Золотой Рощи,Víbora de la arboleda dorada
Swordwise Centaur,"Swordwise Centaur	{G}{G}
Creature — Centaur Warrior

3/2
",https://scryfall.com/card/bng/142/swordwise-centaur,https://cards.scryfall.io/large/front/1/7/1776ebd7-91fc-49e1-a978-f2012162d1cf.jpg?1593860945,擅剑半人马,擅劍半人馬,Centaure épéiste,Schwertkundige Zentaurin,Centaura Sapiente delle Lame,ケンタウルスの武芸者,노련한 켄타우로스,Centauro Mestre da Espada,"Кентавр, Мастер Меча",Centauro sapientebélico
Unravel the Aether,"Unravel the Aether	{1}{G}
Instant
Choose target artifact or enchantment. Its owner shuffles it into their library.

",https://scryfall.com/card/bng/143/unravel-the-aether,https://cards.scryfall.io/large/front/5/5/5584c26f-62ac-4d0b-9142-5159f2a05734.jpg?1593092698,崩离乙太,崩離乙太,Détissage de l'Aether,Den Äther auflösen,Disgregare l'Etere,霊気のほころび,에테르 해체,Desmanchar o Éter,Распад Эфира,Devanar el éter
Chromanticore,"Chromanticore	{W}{U}{B}{R}{G}
Enchantment Creature — Manticore
Bestow {2}{W}{U}{B}{R}{G} (If you cast this card for its bestow cost, it's an Aura spell with enchant creature. It becomes a creature again if it's not attached.)
Flying, first strike, vigilance, trample, lifelink
Enchanted creature gets +4/+4 and has flying, first strike, vigilance, trample, and lifelink.
4/4
",https://scryfall.com/card/bng/144/chromanticore,https://cards.scryfall.io/large/front/f/1/f1182463-348b-45b3-a662-68f06ac53699.jpg?1681728973,五彩翼狮,五彩翼獅,Chromanticore,Chromantikor,Cromanticora,彩色マンティコア,오색 만티코어,Cromanticora,Хромантикора,Cromantícora
"Ephara, God of the Polis","Ephara, God of the Polis	{2}{W}{U}
Legendary Enchantment Creature — God
Indestructible
As long as your devotion to white and blue is less than seven, Ephara isn't a creature.
At the beginning of each upkeep, if you had another creature enter the battlefield under your control last turn, draw a card.
6/5
",https://scryfall.com/card/bng/145/ephara-god-of-the-polis,https://cards.scryfall.io/large/front/6/8/6832e495-7ee9-43e0-94ea-03c88344080e.jpg?1593092720,城邦神厄芳拉,城邦神厄芳拉,"Éphara, déesse de la Polis","Ephara, Göttin der Polis","Efara, Dea della Polis",都市国家の神、エファラ,폴리스의 신 에파라,"Efara, Deusa da Pólis","Эфара, Богиня Полиса","Efara, diosa de la polis"
Ephara's Enlightenment,"Ephara's Enlightenment	{1}{W}{U}
Enchantment — Aura
Enchant creature
When this Aura enters, put a +1/+1 counter on enchanted creature.
Enchanted creature has flying.
Whenever a creature you control enters, you may return this Aura to its owner's hand.

",https://scryfall.com/card/bng/146/epharas-enlightenment,https://cards.scryfall.io/large/front/6/e/6e480d04-9a35-463e-928e-8da3556629e6.jpg?1593092729,厄芳拉的启蒙,厄芳拉的啟蒙,Illumination selon Éphara,Epharas Erleuchtung,Illuminazione di Efara,エファラの啓蒙,에파라의 깨달음,Iluminação de Efara,Просвещение Эфары,Iluminación de Efara
Fanatic of Xenagos,"Fanatic of Xenagos	{1}{R}{G}
Creature — Centaur Warrior
Trample
Tribute 1 (As this creature enters, an opponent of your choice may put a +1/+1 counter on it.)
When this creature enters, if tribute wasn't paid, it gets +1/+1 and gains haste until end of turn.
3/3
",https://scryfall.com/card/bng/147/fanatic-of-xenagos,https://cards.scryfall.io/large/front/3/6/3687799c-81bd-4c49-902a-2a96863629c3.jpg?1593092739,谢纳戈斯的狂徒,謝納戈斯的狂徒,Fanatique de Xénagos,Xenagos-Fanatiker,Fanatico di Xenagos,ゼナゴスの狂信者,제나고스 광신도,Fanático de Xenagos,Фанатик Ксенага,Fanático de Xenagos
"Karametra, God of Harvests","Karametra, God of Harvests	{3}{G}{W}
Legendary Enchantment Creature — God
Indestructible
As long as your devotion to green and white is less than seven, Karametra isn't a creature.
Whenever you cast a creature spell, you may search your library for a Forest or Plains card, put it onto the battlefield tapped, then shuffle.
6/7
",https://scryfall.com/card/bng/148/karametra-god-of-harvests,https://cards.scryfall.io/large/front/2/b/2bd9d26e-984c-4cf8-8c46-447f9776668f.jpg?1591321337,丰收神卡拉美特拉,豐收神卡拉美特拉,"Karametra, déesse des Moissons","Karametra, Göttin der Ernte","Karametra, Dea dei Raccolti",収穫の神、ケイラメトラ,수확의 신 카라메트라,"Carametra, Deusa da Colheita","Караметра, Богиня Урожая","Karametra, diosa de las cosechas"
"Kiora, the Crashing Wave","Kiora, the Crashing Wave	{2}{G}{U}
Legendary Planeswalker — Kiora
[+1]: Until your next turn, prevent all damage that would be dealt to and dealt by target permanent an opponent controls.
[−1]: Draw a card. You may play an additional land this turn.
[−5]: You get an emblem with ""At the beginning of your end step, create a 9/9 blue Kraken creature token.""

",https://scryfall.com/card/bng/149/kiora-the-crashing-wave,https://cards.scryfall.io/large/front/0/c/0c5c6b15-b72d-4341-92c2-7469210452da.jpg?1562839809,破浪奇奥拉,破浪奇奧拉,"Kiora, la Déferlante","Kiora, die brandende Welle",Kiora della Grande Onda,荒ぶる波濤、キオーラ,거친 파도의 키오라,"Kiora, a Onda que Arrebenta","Киора, Разбивающаяся Волна","Kiora, la ola rompiente"
Kiora's Follower,"Kiora's Follower	{G}{U}
Creature — Merfolk
{T}: Untap another target permanent.
2/2
",https://scryfall.com/card/bng/150/kioras-follower,https://cards.scryfall.io/large/front/3/6/3666d3eb-fc62-4966-9149-aa3435650c29.jpg?1698988438,奇奥拉的追随者,奇奧拉的追隨者,Fidèle de Kiora,Kioras Jünger,Seguace di Kiora,キオーラの追随者,키오라의 추종자,Seguidor de Kiora,Последователь Киоры,Seguidor de Kiora
"Mogis, God of Slaughter","Mogis, God of Slaughter	{2}{B}{R}
Legendary Enchantment Creature — God
Indestructible
As long as your devotion to black and red is less than seven, Mogis isn't a creature.
At the beginning of each opponent's upkeep, Mogis deals 2 damage to that player unless they sacrifice a creature of their choice.
7/5
",https://scryfall.com/card/bng/151/mogis-god-of-slaughter,https://cards.scryfall.io/large/front/5/2/521911e5-9ce5-4d55-bfc4-fbfeba4047fe.jpg?1726284501,屠戮神墨癸斯,屠戮神墨癸斯,"Mogis, dieu du Massacre","Mogis, Gott des Gemetzels","Mogis, Dio del Massacro",殺戮の神、モーギス,살육의 신 모기스,"Mogis, Deus da Matança","Могий, Бог Истребления","Mogis, dios de la masacre"
"Phenax, God of Deception","Phenax, God of Deception	{3}{U}{B}
Legendary Enchantment Creature — God
Indestructible
As long as your devotion to blue and black is less than seven, Phenax isn't a creature.
Creatures you control have ""{T}: Target player mills X cards, where X is this creature's toughness.""
4/7
",https://scryfall.com/card/bng/152/phenax-god-of-deception,https://cards.scryfall.io/large/front/8/d/8dfcb129-4665-40e4-b5cb-a79f3f40ae5c.jpg?1593092799,欺瞒神斐纳克,欺瞞神斐納克,"Phénax, dieu de la Fourberie","Phenax, Gott der Täuschung","Fenax, Dio dell'Inganno",欺瞞の神、フィナックス,속임수의 신 페낙스,"Fenax, Deus da Enganação","Фенакс, Бог Обмана","Fenax, dios del engaño"
Ragemonger,"Ragemonger	{1}{B}{R}
Creature — Minotaur Shaman
Minotaur spells you cast cost {B}{R} less to cast. This effect reduces only the amount of colored mana you pay. (For example, if you cast a Minotaur spell with mana cost {2}{R}, it costs {2} to cast.)
2/3
",https://scryfall.com/card/bng/153/ragemonger,https://cards.scryfall.io/large/front/1/e/1eb6eda2-e3df-440a-8900-8310f11db6e9.jpg?1593092810,煽怒祭师,煽怒祭師,Instigateur de rage,Wuttreiber,Istigacollera,憤怒売り,광분의 주술사,Instigador de Ódio,Разъяритель,Instigador de ira
Reap What Is Sown,"Reap What Is Sown	{1}{G}{W}
Instant
Put a +1/+1 counter on each of up to three target creatures.

",https://scryfall.com/card/bng/154/reap-what-is-sown,https://cards.scryfall.io/large/front/1/2/120babed-841f-4bf1-ac2d-3ab097c0760b.jpg?1593092818,丰足收获,豐足收穫,Récolter ce qui a été semé,Die Ernte einbringen,Mietere il Raccolto,蒔かれたものの収穫,뿌린 대로 거둔다,Colher o que Plantou,Жатва Посеянного,Cosecharás tu siembra
Siren of the Silent Song,"Siren of the Silent Song	{1}{U}{B}
Creature — Zombie Siren
Flying
Inspired — Whenever this creature becomes untapped, each opponent discards a card, then each opponent mills a card.
2/1
",https://scryfall.com/card/bng/155/siren-of-the-silent-song,https://cards.scryfall.io/large/front/9/9/990f4438-aa74-4460-8bac-93480d0bb0dc.jpg?1593092828,默曲塞连,默曲塞連,Sirène au chant silencieux,Sirene des lautlosen Gesangs,Sirena del Canto Silente,静寂の歌のセイレーン,침묵을 노래하는 세이렌,Sirena da Canção Silenciosa,Сирена Безмолвной Песни,Sirena de la canción taciturna
"Xenagos, God of Revels","Xenagos, God of Revels	{3}{R}{G}
Legendary Enchantment Creature — God
Indestructible
As long as your devotion to red and green is less than seven, Xenagos isn't a creature.
At the beginning of combat on your turn, another target creature you control gains haste and gets +X/+X until end of turn, where X is that creature's power.
6/5
",https://scryfall.com/card/bng/156/xenagos-god-of-revels,https://cards.scryfall.io/large/front/6/f/6f1bc3bb-46da-492a-850c-f1f588ad8d18.jpg?1732546037,贪欢神谢纳戈斯,貪歡神謝納戈斯,"Xénagos, dieu de la Débauche","Xenagos, Gott des Hedonismus","Xenagos, Dio della Dissolutezza",歓楽の神、ゼナゴス,유흥의 신 제나고스,"Xenagos, Deus da Orgia","Ксенаг, Бог Разгула","Xenagos, dios del deleite"
Astral Cornucopia,"Astral Cornucopia	{X}{X}{X}
Artifact
This artifact enters with X charge counters on it.
{T}: Choose a color. Add one mana of that color for each charge counter on this artifact.

",https://scryfall.com/card/bng/157/astral-cornucopia,https://cards.scryfall.io/large/front/1/5/15175742-11ae-4819-a5bd-412084b0b686.jpg?1775941998,星幽羊角,星幽羊角,Cornucopée astrale,Astrales Füllhorn,Cornucopia Astrale,霊体のヤギ角,천상 풍요의 뿔,Cornucópia Astral,Звездный Рог Изобилия,Cornucopia astral
Gorgon's Head,"Gorgon's Head	{1}
Artifact — Equipment
Equipped creature has deathtouch.
Equip {2}

",https://scryfall.com/card/bng/158/gorgons-head,https://cards.scryfall.io/large/front/d/7/d745dd92-9f7a-44a4-a27f-2ff17753db1c.jpg?1593092861,蛇发妖首,蛇髮妖首,Tête de la gorgone,Kopf der Gorgo,Testa di Gorgone,ゴルゴンの首,고르곤의 머리,Cabeça da Górgona,Голова Горгоны,Cabeza de gorgona
Heroes' Podium,"Heroes' Podium	{5}
Legendary Artifact
Each legendary creature you control gets +1/+1 for each other legendary creature you control.
{X}, {T}: Look at the top X cards of your library. You may reveal a legendary creature card from among them and put it into your hand. Put the rest on the bottom of your library in a random order.

",https://scryfall.com/card/bng/159/heroes-podium,https://cards.scryfall.io/large/front/1/b/1b2bee5c-7ea0-4713-a60b-dccaf89c5d48.jpg?1673305808,英雄荣坛,英雄榮壇,Podium des héros,Podium der Helden,Altare degli Eroi,英雄の演壇,영웅의 단상,Pódio dos Heróis,Подиум Героев,Podio del héroe
Pillar of War,"Pillar of War	{3}
Artifact Creature — Golem
Defender
As long as this creature is enchanted, it can attack as though it didn't have defender.
3/3
",https://scryfall.com/card/bng/160/pillar-of-war,https://cards.scryfall.io/large/front/e/4/e4c1371b-ffec-41c7-8fc1-acb2bd538080.jpg?1593092878,好战雕柱,好戰雕柱,Pilier de guerre,Säule des Krieges,Colonna di Guerra,戦いの柱,전쟁 기둥,Pilar de Guerra,Колонна Войны,Estatua de guerra
Siren Song Lyre,"Siren Song Lyre	{2}
Artifact — Equipment
Equipped creature has ""{2}, {T}: Tap target creature.""
Equip {2}

",https://scryfall.com/card/bng/161/siren-song-lyre,https://cards.scryfall.io/large/front/c/f/cfeca720-3163-4391-b90d-5f7aa5f5987b.jpg?1593092887,塞连之歌竖琴,塞連之歌豎琴,Lyre du chant des sirènes,Leier des Sirenengesangs,Lira del Canto delle Sirene,セイレーンの歌竪琴,세이렌 리라,Lira da Canção Sirênica,Лира Песни Сирены,Lira del canto de la sirena
Springleaf Drum,"Springleaf Drum	{1}
Artifact
{T}, Tap an untapped creature you control: Add one mana of any color.

",https://scryfall.com/card/bng/162/springleaf-drum,https://cards.scryfall.io/large/front/e/1/e15ab0aa-4059-4923-9816-6f7a9e5b5a18.jpg?1767732925,春叶鼓,春葉鼓,Tambour de sautefeuille,Frühlingsblättertrommel,Tamburo Foglia di Primavera,バネ葉の太鼓,봄나뭇잎 북,Tambor das Folhas Vernais,Барабан Весенних Листьев,Tambor de hoja primaveral
Temple of Enlightenment,"Temple of Enlightenment	
Land
This land enters tapped.
When this land enters, scry 1. (Look at the top card of your library. You may put that card on the bottom.)
{T}: Add {W} or {U}.

",https://scryfall.com/card/bng/163/temple-of-enlightenment,https://cards.scryfall.io/large/front/d/d/dd139d4d-3a40-4015-93de-c838c64156c6.jpg?1752945548,启蒙殿堂,啟蒙殿堂,Temple de l'illumination,Tempel der Erleuchtung,Tempio dell'Illuminazione,啓蒙の神殿,깨달음의 신전,Templo da Iluminação,Храм Просвещения,Templo de la iluminación
Temple of Malice,"Temple of Malice	
Land
This land enters tapped.
When this land enters, scry 1. (Look at the top card of your library. You may put that card on the bottom.)
{T}: Add {B} or {R}.

",https://scryfall.com/card/bng/164/temple-of-malice,https://cards.scryfall.io/large/front/d/7/d78eccc4-1500-43f1-94f5-b39c160b6381.jpg?1730491258,恶意殿堂,惡意殿堂,Temple de la malice,Tempel der Bosheit,Tempio dell'Odio,悪意の神殿,악의의 신전,Templo da Maleficência,Храм Злобы,Templo de la malicia
Temple of Plenty,"Temple of Plenty	
Land
This land enters tapped.
When this land enters, scry 1. (Look at the top card of your library. You may put that card on the bottom.)
{T}: Add {G} or {W}.

",https://scryfall.com/card/bng/165/temple-of-plenty,https://cards.scryfall.io/large/front/d/e/de1f7e5e-a503-4f99-91a1-2fdabb7d5e89.jpg?1743207789,丰足殿堂,豐足殿堂,Temple de la profusion,Tempel des Überflusses,Tempio della Prosperità,豊潤の神殿,풍요의 신전,Templo da Fartura,Храм Изобилия,Templo de la abundancia
